"IndicatorCode","IndicatorName","VariableName","MeasurementName","CountryCode","Alpha3Code","CountryName","PeriodCode","Value",
"25","Total population, pers.","Total population","Persons","008","ALB","Albania","2005","3011487",
"25","Total population, pers.","Total population","Persons","008","ALB","Albania","2006","2992547",
"25","Total population, pers.","Total population","Persons","008","ALB","Albania","2007","2970017",
"25","Total population, pers.","Total population","Persons","008","ALB","Albania","2008","2947314",
"25","Total population, pers.","Total population","Persons","008","ALB","Albania","2009","2927519",
"25","Total population, pers.","Total population","Persons","008","ALB","Albania","2010","2913021",
"25","Total population, pers.","Total population","Persons","008","ALB","Albania","2011","2905195",
"25","Total population, pers.","Total population","Persons","008","ALB","Albania","2012","2900401",
"25","Total population, pers.","Total population","Persons","008","ALB","Albania","2013","2895092",
"25","Total population, pers.","Total population","Persons","008","ALB","Albania","2014","2889104",
"25","Total population, pers.","Total population","Persons","008","ALB","Albania","2015","2880703",
"25","Total population, pers.","Total population","Persons","008","ALB","Albania","2016","2876101",
"25","Total population, pers.","Total population","Persons","008","ALB","Albania","2017","2873457",
"25","Total population, pers.","Total population","Persons","008","ALB","Albania","2018","2866376",
"25","Total population, pers.","Total population","Persons","008","ALB","Albania","2019","2854191",
"25","Total population, pers.","Total population","Persons","008","ALB","Albania","2020","2837849",
"25","Total population, pers.","Total population","Persons","008","ALB","Albania","2021","2811666",
"25","Total population, pers.","Total population","Persons","008","ALB","Albania","2022","..",
"25","Total population, pers.","Total population","Persons","008","ALB","Albania","2023","..",
"25","Total population, pers.","Total population","Persons","008","ALB","Albania","2024","..",
"25","Total population, pers.","Total population","Persons","020","AND","Andorra","2005","..",
"25","Total population, pers.","Total population","Persons","020","AND","Andorra","2006","..",
"25","Total population, pers.","Total population","Persons","020","AND","Andorra","2007","..",
"25","Total population, pers.","Total population","Persons","020","AND","Andorra","2008","..",
"25","Total population, pers.","Total population","Persons","020","AND","Andorra","2009","..",
"25","Total population, pers.","Total population","Persons","020","AND","Andorra","2010","70290",
"25","Total population, pers.","Total population","Persons","020","AND","Andorra","2011","69772",
"25","Total population, pers.","Total population","Persons","020","AND","Andorra","2012","69758",
"25","Total population, pers.","Total population","Persons","020","AND","Andorra","2013","69966",
"25","Total population, pers.","Total population","Persons","020","AND","Andorra","2014","70570",
"25","Total population, pers.","Total population","Persons","020","AND","Andorra","2015","71732",
"25","Total population, pers.","Total population","Persons","020","AND","Andorra","2016","73105",
"25","Total population, pers.","Total population","Persons","020","AND","Andorra","2017","74794",
"25","Total population, pers.","Total population","Persons","020","AND","Andorra","2018","76177",
"25","Total population, pers.","Total population","Persons","020","AND","Andorra","2019","77543",
"25","Total population, pers.","Total population","Persons","020","AND","Andorra","2020","78015",
"25","Total population, pers.","Total population","Persons","020","AND","Andorra","2021","79535",
"25","Total population, pers.","Total population","Persons","020","AND","Andorra","2022","..",
"25","Total population, pers.","Total population","Persons","020","AND","Andorra","2023","..",
"25","Total population, pers.","Total population","Persons","020","AND","Andorra","2024","..",
"25","Total population, pers.","Total population","Persons","051","ARM","Armenia","2005","3146412",
"25","Total population, pers.","Total population","Persons","051","ARM","Armenia","2006","3127109",
"25","Total population, pers.","Total population","Persons","051","ARM","Armenia","2007","3107396",
"25","Total population, pers.","Total population","Persons","051","ARM","Armenia","2008","3087119",
"25","Total population, pers.","Total population","Persons","051","ARM","Armenia","2009","3066045",
"25","Total population, pers.","Total population","Persons","051","ARM","Armenia","2010","3044868",
"25","Total population, pers.","Total population","Persons","051","ARM","Armenia","2011","3027938",
"25","Total population, pers.","Total population","Persons","051","ARM","Armenia","2012","3024127",
"25","Total population, pers.","Total population","Persons","051","ARM","Armenia","2013","3021979",
"25","Total population, pers.","Total population","Persons","051","ARM","Armenia","2014","3013839",
"25","Total population, pers.","Total population","Persons","051","ARM","Armenia","2015","3004588",
"25","Total population, pers.","Total population","Persons","051","ARM","Armenia","2016","2992364",
"25","Total population, pers.","Total population","Persons","051","ARM","Armenia","2017","2979442",
"25","Total population, pers.","Total population","Persons","051","ARM","Armenia","2018","2969001",
"25","Total population, pers.","Total population","Persons","051","ARM","Armenia","2019","2962482",
"25","Total population, pers.","Total population","Persons","051","ARM","Armenia","2020","2961473",
"25","Total population, pers.","Total population","Persons","051","ARM","Armenia","2021","2962309",
"25","Total population, pers.","Total population","Persons","051","ARM","Armenia","2022","..",
"25","Total population, pers.","Total population","Persons","051","ARM","Armenia","2023","..",
"25","Total population, pers.","Total population","Persons","051","ARM","Armenia","2024","..",
"25","Total population, pers.","Total population","Persons","040","AUT","Austria","2005","8227829",
"25","Total population, pers.","Total population","Persons","040","AUT","Austria","2006","8268641",
"25","Total population, pers.","Total population","Persons","040","AUT","Austria","2007","8295487",
"25","Total population, pers.","Total population","Persons","040","AUT","Austria","2008","8321496",
"25","Total population, pers.","Total population","Persons","040","AUT","Austria","2009","8343323",
"25","Total population, pers.","Total population","Persons","040","AUT","Austria","2010","8363404",
"25","Total population, pers.","Total population","Persons","040","AUT","Austria","2011","8391643",
"25","Total population, pers.","Total population","Persons","040","AUT","Austria","2012","8429991",
"25","Total population, pers.","Total population","Persons","040","AUT","Austria","2013","8479823",
"25","Total population, pers.","Total population","Persons","040","AUT","Austria","2014","8546356",
"25","Total population, pers.","Total population","Persons","040","AUT","Austria","2015","8642699",
"25","Total population, pers.","Total population","Persons","040","AUT","Austria","2016","8736668",
"25","Total population, pers.","Total population","Persons","040","AUT","Austria","2017","8797566",
"25","Total population, pers.","Total population","Persons","040","AUT","Austria","2018","8840521",
"25","Total population, pers.","Total population","Persons","040","AUT","Austria","2019","8879920",
"25","Total population, pers.","Total population","Persons","040","AUT","Austria","2020","8916864",
"25","Total population, pers.","Total population","Persons","040","AUT","Austria","2021","8955797",
"25","Total population, pers.","Total population","Persons","040","AUT","Austria","2022","9041851",
"25","Total population, pers.","Total population","Persons","040","AUT","Austria","2023","9131761",
"25","Total population, pers.","Total population","Persons","040","AUT","Austria","2024","9177982",
"25","Total population, pers.","Total population","Persons","031","AZE","Azerbaijan","2005","8500251",
"25","Total population, pers.","Total population","Persons","031","AZE","Azerbaijan","2006","8609615",
"25","Total population, pers.","Total population","Persons","031","AZE","Azerbaijan","2007","8723023",
"25","Total population, pers.","Total population","Persons","031","AZE","Azerbaijan","2008","8838511",
"25","Total population, pers.","Total population","Persons","031","AZE","Azerbaijan","2009","8947314",
"25","Total population, pers.","Total population","Persons","031","AZE","Azerbaijan","2010","9054332",
"25","Total population, pers.","Total population","Persons","031","AZE","Azerbaijan","2011","9173082",
"25","Total population, pers.","Total population","Persons","031","AZE","Azerbaijan","2012","9295784",
"25","Total population, pers.","Total population","Persons","031","AZE","Azerbaijan","2013","9416801",
"25","Total population, pers.","Total population","Persons","031","AZE","Azerbaijan","2014","9535079",
"25","Total population, pers.","Total population","Persons","031","AZE","Azerbaijan","2015","9649341",
"25","Total population, pers.","Total population","Persons","031","AZE","Azerbaijan","2016","9757812",
"25","Total population, pers.","Total population","Persons","031","AZE","Azerbaijan","2017","9854033",
"25","Total population, pers.","Total population","Persons","031","AZE","Azerbaijan","2018","9939771",
"25","Total population, pers.","Total population","Persons","031","AZE","Azerbaijan","2019","9931226",
"25","Total population, pers.","Total population","Persons","031","AZE","Azerbaijan","2020","10000064",
"25","Total population, pers.","Total population","Persons","031","AZE","Azerbaijan","2021","10044693",
"25","Total population, pers.","Total population","Persons","031","AZE","Azerbaijan","2022","..",
"25","Total population, pers.","Total population","Persons","031","AZE","Azerbaijan","2023","..",
"25","Total population, pers.","Total population","Persons","031","AZE","Azerbaijan","2024","..",
"25","Total population, pers.","Total population","Persons","112","BLR","Belarus","2005","9663915",
"25","Total population, pers.","Total population","Persons","112","BLR","Belarus","2006","9604924",
"25","Total population, pers.","Total population","Persons","112","BLR","Belarus","2007","9560953",
"25","Total population, pers.","Total population","Persons","112","BLR","Belarus","2008","9527985",
"25","Total population, pers.","Total population","Persons","112","BLR","Belarus","2009","9504583",
"25","Total population, pers.","Total population","Persons","112","BLR","Belarus","2010","9483836",
"25","Total population, pers.","Total population","Persons","112","BLR","Belarus","2011","9461643",
"25","Total population, pers.","Total population","Persons","112","BLR","Belarus","2012","9446836",
"25","Total population, pers.","Total population","Persons","112","BLR","Belarus","2013","9443211",
"25","Total population, pers.","Total population","Persons","112","BLR","Belarus","2014","9448515",
"25","Total population, pers.","Total population","Persons","112","BLR","Belarus","2015","9461076",
"25","Total population, pers.","Total population","Persons","112","BLR","Belarus","2016","9469379",
"25","Total population, pers.","Total population","Persons","112","BLR","Belarus","2017","9458989",
"25","Total population, pers.","Total population","Persons","112","BLR","Belarus","2018","9438785",
"25","Total population, pers.","Total population","Persons","112","BLR","Belarus","2019","9419758",
"25","Total population, pers.","Total population","Persons","112","BLR","Belarus","2020","9379952",
"25","Total population, pers.","Total population","Persons","112","BLR","Belarus","2021","9302585",
"25","Total population, pers.","Total population","Persons","112","BLR","Belarus","2022","..",
"25","Total population, pers.","Total population","Persons","112","BLR","Belarus","2023","..",
"25","Total population, pers.","Total population","Persons","112","BLR","Belarus","2024","..",
"25","Total population, pers.","Total population","Persons","056","BEL","Belgium","2005","10478617",
"25","Total population, pers.","Total population","Persons","056","BEL","Belgium","2006","10547958",
"25","Total population, pers.","Total population","Persons","056","BEL","Belgium","2007","10625700",
"25","Total population, pers.","Total population","Persons","056","BEL","Belgium","2008","10709973",
"25","Total population, pers.","Total population","Persons","056","BEL","Belgium","2009","10796493",
"25","Total population, pers.","Total population","Persons","056","BEL","Belgium","2010","10920272",
"25","Total population, pers.","Total population","Persons","056","BEL","Belgium","2011","11038264",
"25","Total population, pers.","Total population","Persons","056","BEL","Belgium","2012","11106932",
"25","Total population, pers.","Total population","Persons","056","BEL","Belgium","2013","11159407",
"25","Total population, pers.","Total population","Persons","056","BEL","Belgium","2014","11209057",
"25","Total population, pers.","Total population","Persons","056","BEL","Belgium","2015","11274196",
"25","Total population, pers.","Total population","Persons","056","BEL","Belgium","2016","11331422",
"25","Total population, pers.","Total population","Persons","056","BEL","Belgium","2017","11375158",
"25","Total population, pers.","Total population","Persons","056","BEL","Belgium","2018","11427054",
"25","Total population, pers.","Total population","Persons","056","BEL","Belgium","2019","11488980",
"25","Total population, pers.","Total population","Persons","056","BEL","Belgium","2020","11538604",
"25","Total population, pers.","Total population","Persons","056","BEL","Belgium","2021","11586195",
"25","Total population, pers.","Total population","Persons","056","BEL","Belgium","2022","11680210",
"25","Total population, pers.","Total population","Persons","056","BEL","Belgium","2023","11779946",
"25","Total population, pers.","Total population","Persons","056","BEL","Belgium","2024","11850296",
"25","Total population, pers.","Total population","Persons","070","BIH","Bosnia and Herzegovina","2005","3915238",
"25","Total population, pers.","Total population","Persons","070","BIH","Bosnia and Herzegovina","2006","3926406",
"25","Total population, pers.","Total population","Persons","070","BIH","Bosnia and Herzegovina","2007","3934816",
"25","Total population, pers.","Total population","Persons","070","BIH","Bosnia and Herzegovina","2008","3940398",
"25","Total population, pers.","Total population","Persons","070","BIH","Bosnia and Herzegovina","2009","3942701",
"25","Total population, pers.","Total population","Persons","070","BIH","Bosnia and Herzegovina","2010","3843126",
"25","Total population, pers.","Total population","Persons","070","BIH","Bosnia and Herzegovina","2011","3839737",
"25","Total population, pers.","Total population","Persons","070","BIH","Bosnia and Herzegovina","2012","3836377",
"25","Total population, pers.","Total population","Persons","070","BIH","Bosnia and Herzegovina","2013","3531159",
"25","Total population, pers.","Total population","Persons","070","BIH","Bosnia and Herzegovina","2014","3528517",
"25","Total population, pers.","Total population","Persons","070","BIH","Bosnia and Herzegovina","2015","3522827",
"25","Total population, pers.","Total population","Persons","070","BIH","Bosnia and Herzegovina","2016","3514458",
"25","Total population, pers.","Total population","Persons","070","BIH","Bosnia and Herzegovina","2017","3508073",
"25","Total population, pers.","Total population","Persons","070","BIH","Bosnia and Herzegovina","2018","3500295",
"25","Total population, pers.","Total population","Persons","070","BIH","Bosnia and Herzegovina","2019","3486789",
"25","Total population, pers.","Total population","Persons","070","BIH","Bosnia and Herzegovina","2020","3472970",
"25","Total population, pers.","Total population","Persons","070","BIH","Bosnia and Herzegovina","2021","3452789",
"25","Total population, pers.","Total population","Persons","070","BIH","Bosnia and Herzegovina","2022","..",
"25","Total population, pers.","Total population","Persons","070","BIH","Bosnia and Herzegovina","2023","..",
"25","Total population, pers.","Total population","Persons","070","BIH","Bosnia and Herzegovina","2024","..",
"25","Total population, pers.","Total population","Persons","100","BGR","Bulgaria","2005","7658972",
"25","Total population, pers.","Total population","Persons","100","BGR","Bulgaria","2006","7601022",
"25","Total population, pers.","Total population","Persons","100","BGR","Bulgaria","2007","7545338",
"25","Total population, pers.","Total population","Persons","100","BGR","Bulgaria","2008","7492561",
"25","Total population, pers.","Total population","Persons","100","BGR","Bulgaria","2009","7444443",
"25","Total population, pers.","Total population","Persons","100","BGR","Bulgaria","2010","7395599",
"25","Total population, pers.","Total population","Persons","100","BGR","Bulgaria","2011","7348328",
"25","Total population, pers.","Total population","Persons","100","BGR","Bulgaria","2012","7264890",
"25","Total population, pers.","Total population","Persons","100","BGR","Bulgaria","2013","7160005",
"25","Total population, pers.","Total population","Persons","100","BGR","Bulgaria","2014","7073572",
"25","Total population, pers.","Total population","Persons","100","BGR","Bulgaria","2015","6984225",
"25","Total population, pers.","Total population","Persons","100","BGR","Bulgaria","2016","6894139",
"25","Total population, pers.","Total population","Persons","100","BGR","Bulgaria","2017","6803468",
"25","Total population, pers.","Total population","Persons","100","BGR","Bulgaria","2018","6710798",
"25","Total population, pers.","Total population","Persons","100","BGR","Bulgaria","2019","6616726",
"25","Total population, pers.","Total population","Persons","100","BGR","Bulgaria","2020","6550696",
"25","Total population, pers.","Total population","Persons","100","BGR","Bulgaria","2021","6507301",
"25","Total population, pers.","Total population","Persons","100","BGR","Bulgaria","2022","6465097",
"25","Total population, pers.","Total population","Persons","100","BGR","Bulgaria","2023","6446596",
"25","Total population, pers.","Total population","Persons","100","BGR","Bulgaria","2024","6441421",
"25","Total population, pers.","Total population","Persons","124","CAN","Canada","2005","32243753",
"25","Total population, pers.","Total population","Persons","124","CAN","Canada","2006","32571174",
"25","Total population, pers.","Total population","Persons","124","CAN","Canada","2007","32889025",
"25","Total population, pers.","Total population","Persons","124","CAN","Canada","2008","33247118",
"25","Total population, pers.","Total population","Persons","124","CAN","Canada","2009","33628895",
"25","Total population, pers.","Total population","Persons","124","CAN","Canada","2010","34004889",
"25","Total population, pers.","Total population","Persons","124","CAN","Canada","2011","34339328",
"25","Total population, pers.","Total population","Persons","124","CAN","Canada","2012","34714222",
"25","Total population, pers.","Total population","Persons","124","CAN","Canada","2013","35082954",
"25","Total population, pers.","Total population","Persons","124","CAN","Canada","2014","35437435",
"25","Total population, pers.","Total population","Persons","124","CAN","Canada","2015","35702908",
"25","Total population, pers.","Total population","Persons","124","CAN","Canada","2016","36109487",
"25","Total population, pers.","Total population","Persons","124","CAN","Canada","2017","36545236",
"25","Total population, pers.","Total population","Persons","124","CAN","Canada","2018","37065084",
"25","Total population, pers.","Total population","Persons","124","CAN","Canada","2019","37601230",
"25","Total population, pers.","Total population","Persons","124","CAN","Canada","2020","38007166",
"25","Total population, pers.","Total population","Persons","124","CAN","Canada","2021","38226498",
"25","Total population, pers.","Total population","Persons","124","CAN","Canada","2022","..",
"25","Total population, pers.","Total population","Persons","124","CAN","Canada","2023","..",
"25","Total population, pers.","Total population","Persons","124","CAN","Canada","2024","..",
"25","Total population, pers.","Total population","Persons","191","HRV","Croatia","2005","4311674",
"25","Total population, pers.","Total population","Persons","191","HRV","Croatia","2006","4313009",
"25","Total population, pers.","Total population","Persons","191","HRV","Croatia","2007","4312749",
"25","Total population, pers.","Total population","Persons","191","HRV","Croatia","2008","4310882",
"25","Total population, pers.","Total population","Persons","191","HRV","Croatia","2009","4306322",
"25","Total population, pers.","Total population","Persons","191","HRV","Croatia","2010","4296352",
"25","Total population, pers.","Total population","Persons","191","HRV","Croatia","2011","4282921",
"25","Total population, pers.","Total population","Persons","191","HRV","Croatia","2012","4261894",
"25","Total population, pers.","Total population","Persons","191","HRV","Croatia","2013","4232718",
"25","Total population, pers.","Total population","Persons","191","HRV","Croatia","2014","4199274",
"25","Total population, pers.","Total population","Persons","191","HRV","Croatia","2015","4156015",
"25","Total population, pers.","Total population","Persons","191","HRV","Croatia","2016","4104942",
"25","Total population, pers.","Total population","Persons","191","HRV","Croatia","2017","4046555",
"25","Total population, pers.","Total population","Persons","191","HRV","Croatia","2018","3991509",
"25","Total population, pers.","Total population","Persons","191","HRV","Croatia","2019","3951094",
"25","Total population, pers.","Total population","Persons","191","HRV","Croatia","2020","3913269",
"25","Total population, pers.","Total population","Persons","191","HRV","Croatia","2021","3877666",
"25","Total population, pers.","Total population","Persons","191","HRV","Croatia","2022","3856600",
"25","Total population, pers.","Total population","Persons","191","HRV","Croatia","2023","3856431",
"25","Total population, pers.","Total population","Persons","191","HRV","Croatia","2024","3868159",
"25","Total population, pers.","Total population","Persons","196","CYP","Cyprus","2005","738540",
"25","Total population, pers.","Total population","Persons","196","CYP","Cyprus","2006","750965",
"25","Total population, pers.","Total population","Persons","196","CYP","Cyprus","2007","767125",
"25","Total population, pers.","Total population","Persons","196","CYP","Cyprus","2008","786632",
"25","Total population, pers.","Total population","Persons","196","CYP","Cyprus","2009","808035",
"25","Total population, pers.","Total population","Persons","196","CYP","Cyprus","2010","829446",
"25","Total population, pers.","Total population","Persons","196","CYP","Cyprus","2011","850881",
"25","Total population, pers.","Total population","Persons","196","CYP","Cyprus","2012","862433",
"25","Total population, pers.","Total population","Persons","196","CYP","Cyprus","2013","861443",
"25","Total population, pers.","Total population","Persons","196","CYP","Cyprus","2014","860439",
"25","Total population, pers.","Total population","Persons","196","CYP","Cyprus","2015","862305",
"25","Total population, pers.","Total population","Persons","196","CYP","Cyprus","2016","866821",
"25","Total population, pers.","Total population","Persons","196","CYP","Cyprus","2017","874240",
"25","Total population, pers.","Total population","Persons","196","CYP","Cyprus","2018","884398",
"25","Total population, pers.","Total population","Persons","196","CYP","Cyprus","2019","896312",
"25","Total population, pers.","Total population","Persons","196","CYP","Cyprus","2020","908453",
"25","Total population, pers.","Total population","Persons","196","CYP","Cyprus","2021","922120",
"25","Total population, pers.","Total population","Persons","196","CYP","Cyprus","2022","939424",
"25","Total population, pers.","Total population","Persons","196","CYP","Cyprus","2023","957725",
"25","Total population, pers.","Total population","Persons","196","CYP","Cyprus","2024","974666",
"25","Total population, pers.","Total population","Persons","203","CZE","Czechia","2005","10211216",
"25","Total population, pers.","Total population","Persons","203","CZE","Czechia","2006","10238905",
"25","Total population, pers.","Total population","Persons","203","CZE","Czechia","2007","10298828",
"25","Total population, pers.","Total population","Persons","203","CZE","Czechia","2008","10384603",
"25","Total population, pers.","Total population","Persons","203","CZE","Czechia","2009","10443936",
"25","Total population, pers.","Total population","Persons","203","CZE","Czechia","2010","10474410",
"25","Total population, pers.","Total population","Persons","203","CZE","Czechia","2011","10496088",
"25","Total population, pers.","Total population","Persons","203","CZE","Czechia","2012","10510785",
"25","Total population, pers.","Total population","Persons","203","CZE","Czechia","2013","10514272",
"25","Total population, pers.","Total population","Persons","203","CZE","Czechia","2014","10525347",
"25","Total population, pers.","Total population","Persons","203","CZE","Czechia","2015","10546059",
"25","Total population, pers.","Total population","Persons","203","CZE","Czechia","2016","10566332",
"25","Total population, pers.","Total population","Persons","203","CZE","Czechia","2017","10594438",
"25","Total population, pers.","Total population","Persons","203","CZE","Czechia","2018","10629928",
"25","Total population, pers.","Total population","Persons","203","CZE","Czechia","2019","10671870",
"25","Total population, pers.","Total population","Persons","203","CZE","Czechia","2020","10594388",
"25","Total population, pers.","Total population","Persons","203","CZE","Czechia","2021","10505772",
"25","Total population, pers.","Total population","Persons","203","CZE","Czechia","2022","10672118",
"25","Total population, pers.","Total population","Persons","203","CZE","Czechia","2023","10864042",
"25","Total population, pers.","Total population","Persons","203","CZE","Czechia","2024","10905028",
"25","Total population, pers.","Total population","Persons","208","DNK","Denmark","2005","5419432",
"25","Total population, pers.","Total population","Persons","208","DNK","Denmark","2006","5437272",
"25","Total population, pers.","Total population","Persons","208","DNK","Denmark","2007","5461438",
"25","Total population, pers.","Total population","Persons","208","DNK","Denmark","2008","5493621",
"25","Total population, pers.","Total population","Persons","208","DNK","Denmark","2009","5523095",
"25","Total population, pers.","Total population","Persons","208","DNK","Denmark","2010","5547683",
"25","Total population, pers.","Total population","Persons","208","DNK","Denmark","2011","5570572",
"25","Total population, pers.","Total population","Persons","208","DNK","Denmark","2012","5591572",
"25","Total population, pers.","Total population","Persons","208","DNK","Denmark","2013","5614932",
"25","Total population, pers.","Total population","Persons","208","DNK","Denmark","2014","5643475",
"25","Total population, pers.","Total population","Persons","208","DNK","Denmark","2015","5683483",
"25","Total population, pers.","Total population","Persons","208","DNK","Denmark","2016","5728010",
"25","Total population, pers.","Total population","Persons","208","DNK","Denmark","2017","5764980",
"25","Total population, pers.","Total population","Persons","208","DNK","Denmark","2018","5793636",
"25","Total population, pers.","Total population","Persons","208","DNK","Denmark","2019","5814422",
"25","Total population, pers.","Total population","Persons","208","DNK","Denmark","2020","5831404",
"25","Total population, pers.","Total population","Persons","208","DNK","Denmark","2021","5856733",
"25","Total population, pers.","Total population","Persons","208","DNK","Denmark","2022","5903037",
"25","Total population, pers.","Total population","Persons","208","DNK","Denmark","2023","5946952",
"25","Total population, pers.","Total population","Persons","208","DNK","Denmark","2024","5976992",
"25","Total population, pers.","Total population","Persons","233","EST","Estonia","2005","1354775",
"25","Total population, pers.","Total population","Persons","233","EST","Estonia","2006","1346810",
"25","Total population, pers.","Total population","Persons","233","EST","Estonia","2007","1340680",
"25","Total population, pers.","Total population","Persons","233","EST","Estonia","2008","1337090",
"25","Total population, pers.","Total population","Persons","233","EST","Estonia","2009","1334515",
"25","Total population, pers.","Total population","Persons","233","EST","Estonia","2010","1331475",
"25","Total population, pers.","Total population","Persons","233","EST","Estonia","2011","1327439",
"25","Total population, pers.","Total population","Persons","233","EST","Estonia","2012","1322696",
"25","Total population, pers.","Total population","Persons","233","EST","Estonia","2013","1317997",
"25","Total population, pers.","Total population","Persons","233","EST","Estonia","2014","1315345",
"25","Total population, pers.","Total population","Persons","233","EST","Estonia","2015","1315407",
"25","Total population, pers.","Total population","Persons","233","EST","Estonia","2016","1315790",
"25","Total population, pers.","Total population","Persons","233","EST","Estonia","2017","1317384",
"25","Total population, pers.","Total population","Persons","233","EST","Estonia","2018","1321977",
"25","Total population, pers.","Total population","Persons","233","EST","Estonia","2019","1326898",
"25","Total population, pers.","Total population","Persons","233","EST","Estonia","2020","1329522",
"25","Total population, pers.","Total population","Persons","233","EST","Estonia","2021","1330932",
"25","Total population, pers.","Total population","Persons","233","EST","Estonia","2022","1348840",
"25","Total population, pers.","Total population","Persons","233","EST","Estonia","2023","1370286",
"25","Total population, pers.","Total population","Persons","233","EST","Estonia","2024","1372341",
"25","Total population, pers.","Total population","Persons","246","FIN","Finland","2005","5246096",
"25","Total population, pers.","Total population","Persons","246","FIN","Finland","2006","5266268",
"25","Total population, pers.","Total population","Persons","246","FIN","Finland","2007","5288720",
"25","Total population, pers.","Total population","Persons","246","FIN","Finland","2008","5313399",
"25","Total population, pers.","Total population","Persons","246","FIN","Finland","2009","5338871",
"25","Total population, pers.","Total population","Persons","246","FIN","Finland","2010","5363352",
"25","Total population, pers.","Total population","Persons","246","FIN","Finland","2011","5388272",
"25","Total population, pers.","Total population","Persons","246","FIN","Finland","2012","5413971",
"25","Total population, pers.","Total population","Persons","246","FIN","Finland","2013","5438972",
"25","Total population, pers.","Total population","Persons","246","FIN","Finland","2014","5461512",
"25","Total population, pers.","Total population","Persons","246","FIN","Finland","2015","5479531",
"25","Total population, pers.","Total population","Persons","246","FIN","Finland","2016","5495303",
"25","Total population, pers.","Total population","Persons","246","FIN","Finland","2017","5508214",
"25","Total population, pers.","Total population","Persons","246","FIN","Finland","2018","5515525",
"25","Total population, pers.","Total population","Persons","246","FIN","Finland","2019","5521606",
"25","Total population, pers.","Total population","Persons","246","FIN","Finland","2020","5529543",
"25","Total population, pers.","Total population","Persons","246","FIN","Finland","2021","5541017",
"25","Total population, pers.","Total population","Persons","246","FIN","Finland","2022","5556106",
"25","Total population, pers.","Total population","Persons","246","FIN","Finland","2023","5583911",
"25","Total population, pers.","Total population","Persons","246","FIN","Finland","2024","5619911",
"25","Total population, pers.","Total population","Persons","250","FRA","France","2005","63001253",
"25","Total population, pers.","Total population","Persons","250","FRA","France","2006","63437350",
"25","Total population, pers.","Total population","Persons","250","FRA","France","2007","63826129",
"25","Total population, pers.","Total population","Persons","250","FRA","France","2008","64178710",
"25","Total population, pers.","Total population","Persons","250","FRA","France","2009","64504541",
"25","Total population, pers.","Total population","Persons","250","FRA","France","2010","64818789",
"25","Total population, pers.","Total population","Persons","250","FRA","France","2011","65127852",
"25","Total population, pers.","Total population","Persons","250","FRA","France","2012","65438667",
"25","Total population, pers.","Total population","Persons","250","FRA","France","2013","65883165",
"25","Total population, pers.","Total population","Persons","250","FRA","France","2014","66312067",
"25","Total population, pers.","Total population","Persons","250","FRA","France","2015","66548272",
"25","Total population, pers.","Total population","Persons","250","FRA","France","2016","66724104",
"25","Total population, pers.","Total population","Persons","250","FRA","France","2017","66918020",
"25","Total population, pers.","Total population","Persons","250","FRA","France","2018","67158348",
"25","Total population, pers.","Total population","Persons","250","FRA","France","2019","67382061",
"25","Total population, pers.","Total population","Persons","250","FRA","France","2020","67601110",
"25","Total population, pers.","Total population","Persons","250","FRA","France","2021","67910136",
"25","Total population, pers.","Total population","Persons","250","FRA","France","2022","68184457",
"25","Total population, pers.","Total population","Persons","250","FRA","France","2023","68473257",
"25","Total population, pers.","Total population","Persons","250","FRA","France","2024","68775952",
"25","Total population, pers.","Total population","Persons","268","GEO","Georgia","2005","3902469",
"25","Total population, pers.","Total population","Persons","268","GEO","Georgia","2006","3880347",
"25","Total population, pers.","Total population","Persons","268","GEO","Georgia","2007","3860158",
"25","Total population, pers.","Total population","Persons","268","GEO","Georgia","2008","3848449",
"25","Total population, pers.","Total population","Persons","268","GEO","Georgia","2009","3814419",
"25","Total population, pers.","Total population","Persons","268","GEO","Georgia","2010","3786695",
"25","Total population, pers.","Total population","Persons","268","GEO","Georgia","2011","3756441",
"25","Total population, pers.","Total population","Persons","268","GEO","Georgia","2012","3728874",
"25","Total population, pers.","Total population","Persons","268","GEO","Georgia","2013","3717668",
"25","Total population, pers.","Total population","Persons","268","GEO","Georgia","2014","3719414",
"25","Total population, pers.","Total population","Persons","268","GEO","Georgia","2015","3725276",
"25","Total population, pers.","Total population","Persons","268","GEO","Georgia","2016","3727505",
"25","Total population, pers.","Total population","Persons","268","GEO","Georgia","2017","3728004",
"25","Total population, pers.","Total population","Persons","268","GEO","Georgia","2018","3726549",
"25","Total population, pers.","Total population","Persons","268","GEO","Georgia","2019","3720161",
"25","Total population, pers.","Total population","Persons","268","GEO","Georgia","2020","3722716",
"25","Total population, pers.","Total population","Persons","268","GEO","Georgia","2021","3708610",
"25","Total population, pers.","Total population","Persons","268","GEO","Georgia","2022","..",
"25","Total population, pers.","Total population","Persons","268","GEO","Georgia","2023","..",
"25","Total population, pers.","Total population","Persons","268","GEO","Georgia","2024","..",
"25","Total population, pers.","Total population","Persons","276","DEU","Germany","2005","82469422",
"25","Total population, pers.","Total population","Persons","276","DEU","Germany","2006","82376451",
"25","Total population, pers.","Total population","Persons","276","DEU","Germany","2007","82266372",
"25","Total population, pers.","Total population","Persons","276","DEU","Germany","2008","82110097",
"25","Total population, pers.","Total population","Persons","276","DEU","Germany","2009","81902307",
"25","Total population, pers.","Total population","Persons","276","DEU","Germany","2010","81012161",
"25","Total population, pers.","Total population","Persons","276","DEU","Germany","2011","80274983",
"25","Total population, pers.","Total population","Persons","276","DEU","Germany","2012","80425823",
"25","Total population, pers.","Total population","Persons","276","DEU","Germany","2013","80645605",
"25","Total population, pers.","Total population","Persons","276","DEU","Germany","2014","80982500",
"25","Total population, pers.","Total population","Persons","276","DEU","Germany","2015","81686611",
"25","Total population, pers.","Total population","Persons","276","DEU","Germany","2016","82348669",
"25","Total population, pers.","Total population","Persons","276","DEU","Germany","2017","82657002",
"25","Total population, pers.","Total population","Persons","276","DEU","Germany","2018","82905782",
"25","Total population, pers.","Total population","Persons","276","DEU","Germany","2019","83092962",
"25","Total population, pers.","Total population","Persons","276","DEU","Germany","2020","83160871",
"25","Total population, pers.","Total population","Persons","276","DEU","Germany","2021","83196078",
"25","Total population, pers.","Total population","Persons","276","DEU","Germany","2022","83177813",
"25","Total population, pers.","Total population","Persons","276","DEU","Germany","2023","83287273",
"25","Total population, pers.","Total population","Persons","276","DEU","Germany","2024","83516593",
"25","Total population, pers.","Total population","Persons","300","GRC","Greece","2005","10987314",
"25","Total population, pers.","Total population","Persons","300","GRC","Greece","2006","11020362",
"25","Total population, pers.","Total population","Persons","300","GRC","Greece","2007","11048473",
"25","Total population, pers.","Total population","Persons","300","GRC","Greece","2008","11077841",
"25","Total population, pers.","Total population","Persons","300","GRC","Greece","2009","11107017",
"25","Total population, pers.","Total population","Persons","300","GRC","Greece","2010","11121341",
"25","Total population, pers.","Total population","Persons","300","GRC","Greece","2011","11098059",
"25","Total population, pers.","Total population","Persons","300","GRC","Greece","2012","11026366",
"25","Total population, pers.","Total population","Persons","300","GRC","Greece","2013","10937150",
"25","Total population, pers.","Total population","Persons","300","GRC","Greece","2014","10856168",
"25","Total population, pers.","Total population","Persons","300","GRC","Greece","2015","10776728",
"25","Total population, pers.","Total population","Persons","300","GRC","Greece","2016","10721471",
"25","Total population, pers.","Total population","Persons","300","GRC","Greece","2017","10687432",
"25","Total population, pers.","Total population","Persons","300","GRC","Greece","2018","10651275",
"25","Total population, pers.","Total population","Persons","300","GRC","Greece","2019","10623902",
"25","Total population, pers.","Total population","Persons","300","GRC","Greece","2020","10583968",
"25","Total population, pers.","Total population","Persons","300","GRC","Greece","2021","10508486",
"25","Total population, pers.","Total population","Persons","300","GRC","Greece","2022","10431748",
"25","Total population, pers.","Total population","Persons","300","GRC","Greece","2023","10388816",
"25","Total population, pers.","Total population","Persons","300","GRC","Greece","2024","10374050",
"25","Total population, pers.","Total population","Persons","348","HUN","Hungary","2005","10087065",
"25","Total population, pers.","Total population","Persons","348","HUN","Hungary","2006","10071370",
"25","Total population, pers.","Total population","Persons","348","HUN","Hungary","2007","10055780",
"25","Total population, pers.","Total population","Persons","348","HUN","Hungary","2008","10038188",
"25","Total population, pers.","Total population","Persons","348","HUN","Hungary","2009","10022650",
"25","Total population, pers.","Total population","Persons","348","HUN","Hungary","2010","10000023",
"25","Total population, pers.","Total population","Persons","348","HUN","Hungary","2011","9958824",
"25","Total population, pers.","Total population","Persons","348","HUN","Hungary","2012","9913588",
"25","Total population, pers.","Total population","Persons","348","HUN","Hungary","2013","9872734",
"25","Total population, pers.","Total population","Persons","348","HUN","Hungary","2014","9833038",
"25","Total population, pers.","Total population","Persons","348","HUN","Hungary","2015","9797755",
"25","Total population, pers.","Total population","Persons","348","HUN","Hungary","2016","9759755",
"25","Total population, pers.","Total population","Persons","348","HUN","Hungary","2017","9726756",
"25","Total population, pers.","Total population","Persons","348","HUN","Hungary","2018","9706964",
"25","Total population, pers.","Total population","Persons","348","HUN","Hungary","2019","9694824",
"25","Total population, pers.","Total population","Persons","348","HUN","Hungary","2020","9670419",
"25","Total population, pers.","Total population","Persons","348","HUN","Hungary","2021","9630932",
"25","Total population, pers.","Total population","Persons","348","HUN","Hungary","2022","9605074",
"25","Total population, pers.","Total population","Persons","348","HUN","Hungary","2023","9592186",
"25","Total population, pers.","Total population","Persons","348","HUN","Hungary","2024","9562065",
"25","Total population, pers.","Total population","Persons","352","ISL","Iceland","2005","296734",
"25","Total population, pers.","Total population","Persons","352","ISL","Iceland","2006","303782",
"25","Total population, pers.","Total population","Persons","352","ISL","Iceland","2007","311566",
"25","Total population, pers.","Total population","Persons","352","ISL","Iceland","2008","317414",
"25","Total population, pers.","Total population","Persons","352","ISL","Iceland","2009","318499",
"25","Total population, pers.","Total population","Persons","352","ISL","Iceland","2010","318041",
"25","Total population, pers.","Total population","Persons","352","ISL","Iceland","2011","319014",
"25","Total population, pers.","Total population","Persons","352","ISL","Iceland","2012","320716",
"25","Total population, pers.","Total population","Persons","352","ISL","Iceland","2013","323764",
"25","Total population, pers.","Total population","Persons","352","ISL","Iceland","2014","327386",
"25","Total population, pers.","Total population","Persons","352","ISL","Iceland","2015","330815",
"25","Total population, pers.","Total population","Persons","352","ISL","Iceland","2016","335439",
"25","Total population, pers.","Total population","Persons","352","ISL","Iceland","2017","343400",
"25","Total population, pers.","Total population","Persons","352","ISL","Iceland","2018","352721",
"25","Total population, pers.","Total population","Persons","352","ISL","Iceland","2019","360563",
"25","Total population, pers.","Total population","Persons","352","ISL","Iceland","2020","366463",
"25","Total population, pers.","Total population","Persons","352","ISL","Iceland","2021","372520",
"25","Total population, pers.","Total population","Persons","352","ISL","Iceland","2022","382003",
"25","Total population, pers.","Total population","Persons","352","ISL","Iceland","2023","385663",
"25","Total population, pers.","Total population","Persons","352","ISL","Iceland","2024","386506",
"25","Total population, pers.","Total population","Persons","372","IRL","Ireland","2005","4159914",
"25","Total population, pers.","Total population","Persons","372","IRL","Ireland","2006","4274137",
"25","Total population, pers.","Total population","Persons","372","IRL","Ireland","2007","4398942",
"25","Total population, pers.","Total population","Persons","372","IRL","Ireland","2008","4489544",
"25","Total population, pers.","Total population","Persons","372","IRL","Ireland","2009","4535375",
"25","Total population, pers.","Total population","Persons","372","IRL","Ireland","2010","4560155",
"25","Total population, pers.","Total population","Persons","372","IRL","Ireland","2011","4580084",
"25","Total population, pers.","Total population","Persons","372","IRL","Ireland","2012","4599533",
"25","Total population, pers.","Total population","Persons","372","IRL","Ireland","2013","4623816",
"25","Total population, pers.","Total population","Persons","372","IRL","Ireland","2014","4657740",
"25","Total population, pers.","Total population","Persons","372","IRL","Ireland","2015","4701957",
"25","Total population, pers.","Total population","Persons","372","IRL","Ireland","2016","4762722",
"25","Total population, pers.","Total population","Persons","372","IRL","Ireland","2017","4827445",
"25","Total population, pers.","Total population","Persons","372","IRL","Ireland","2018","4898022",
"25","Total population, pers.","Total population","Persons","372","IRL","Ireland","2019","4976456",
"25","Total population, pers.","Total population","Persons","372","IRL","Ireland","2020","5039747",
"25","Total population, pers.","Total population","Persons","372","IRL","Ireland","2021","5110585",
"25","Total population, pers.","Total population","Persons","372","IRL","Ireland","2022","5212836",
"25","Total population, pers.","Total population","Persons","372","IRL","Ireland","2023","5311538",
"25","Total population, pers.","Total population","Persons","372","IRL","Ireland","2024","5395980",
"25","Total population, pers.","Total population","Persons","376","ISR","Israel","2005","6930128",
"25","Total population, pers.","Total population","Persons","376","ISR","Israel","2006","7053707",
"25","Total population, pers.","Total population","Persons","376","ISR","Israel","2007","7180115",
"25","Total population, pers.","Total population","Persons","376","ISR","Israel","2008","7308795",
"25","Total population, pers.","Total population","Persons","376","ISR","Israel","2009","7485565",
"25","Total population, pers.","Total population","Persons","376","ISR","Israel","2010","7623561",
"25","Total population, pers.","Total population","Persons","376","ISR","Israel","2011","7765832",
"25","Total population, pers.","Total population","Persons","376","ISR","Israel","2012","7910525",
"25","Total population, pers.","Total population","Persons","376","ISR","Israel","2013","8059455",
"25","Total population, pers.","Total population","Persons","376","ISR","Israel","2014","8215662",
"25","Total population, pers.","Total population","Persons","376","ISR","Israel","2015","8380149",
"25","Total population, pers.","Total population","Persons","376","ISR","Israel","2016","8546009",
"25","Total population, pers.","Total population","Persons","376","ISR","Israel","2017","8713268",
"25","Total population, pers.","Total population","Persons","376","ISR","Israel","2018","8882764",
"25","Total population, pers.","Total population","Persons","376","ISR","Israel","2019","9054026",
"25","Total population, pers.","Total population","Persons","376","ISR","Israel","2020","9215117",
"25","Total population, pers.","Total population","Persons","376","ISR","Israel","2021","9371368",
"25","Total population, pers.","Total population","Persons","376","ISR","Israel","2022","..",
"25","Total population, pers.","Total population","Persons","376","ISR","Israel","2023","..",
"25","Total population, pers.","Total population","Persons","376","ISR","Israel","2024","..",
"25","Total population, pers.","Total population","Persons","380","ITA","Italy","2005","58166682",
"25","Total population, pers.","Total population","Persons","380","ITA","Italy","2006","58399861",
"25","Total population, pers.","Total population","Persons","380","ITA","Italy","2007","58756247",
"25","Total population, pers.","Total population","Persons","380","ITA","Italy","2008","59211181",
"25","Total population, pers.","Total population","Persons","380","ITA","Italy","2009","59555454",
"25","Total population, pers.","Total population","Persons","380","ITA","Italy","2010","59819407",
"25","Total population, pers.","Total population","Persons","380","ITA","Italy","2011","60026841",
"25","Total population, pers.","Total population","Persons","380","ITA","Italy","2012","60191247",
"25","Total population, pers.","Total population","Persons","380","ITA","Italy","2013","60311613",
"25","Total population, pers.","Total population","Persons","380","ITA","Italy","2014","60320707",
"25","Total population, pers.","Total population","Persons","380","ITA","Italy","2015","60229605",
"25","Total population, pers.","Total population","Persons","380","ITA","Italy","2016","60115223",
"25","Total population, pers.","Total population","Persons","380","ITA","Italy","2017","60002252",
"25","Total population, pers.","Total population","Persons","380","ITA","Italy","2018","59877221",
"25","Total population, pers.","Total population","Persons","380","ITA","Italy","2019","59729081",
"25","Total population, pers.","Total population","Persons","380","ITA","Italy","2020","59438851",
"25","Total population, pers.","Total population","Persons","380","ITA","Italy","2021","59133173",
"25","Total population, pers.","Total population","Persons","380","ITA","Italy","2022","59013667",
"25","Total population, pers.","Total population","Persons","380","ITA","Italy","2023","58984216",
"25","Total population, pers.","Total population","Persons","380","ITA","Italy","2024","58957347",
"25","Total population, pers.","Total population","Persons","398","KAZ","Kazakhstan","2005","15147029",
"25","Total population, pers.","Total population","Persons","398","KAZ","Kazakhstan","2006","15308085",
"25","Total population, pers.","Total population","Persons","398","KAZ","Kazakhstan","2007","15484192",
"25","Total population, pers.","Total population","Persons","398","KAZ","Kazakhstan","2008","15776938",
"25","Total population, pers.","Total population","Persons","398","KAZ","Kazakhstan","2009","16092822",
"25","Total population, pers.","Total population","Persons","398","KAZ","Kazakhstan","2010","16321872",
"25","Total population, pers.","Total population","Persons","398","KAZ","Kazakhstan","2011","16557202",
"25","Total population, pers.","Total population","Persons","398","KAZ","Kazakhstan","2012","16792090",
"25","Total population, pers.","Total population","Persons","398","KAZ","Kazakhstan","2013","17035551",
"25","Total population, pers.","Total population","Persons","398","KAZ","Kazakhstan","2014","17288285",
"25","Total population, pers.","Total population","Persons","398","KAZ","Kazakhstan","2015","17542806",
"25","Total population, pers.","Total population","Persons","398","KAZ","Kazakhstan","2016","17794055",
"25","Total population, pers.","Total population","Persons","398","KAZ","Kazakhstan","2017","18037776",
"25","Total population, pers.","Total population","Persons","398","KAZ","Kazakhstan","2018","18276452",
"25","Total population, pers.","Total population","Persons","398","KAZ","Kazakhstan","2019","18513673",
"25","Total population, pers.","Total population","Persons","398","KAZ","Kazakhstan","2020","18755666",
"25","Total population, pers.","Total population","Persons","398","KAZ","Kazakhstan","2021","19000988",
"25","Total population, pers.","Total population","Persons","398","KAZ","Kazakhstan","2022","..",
"25","Total population, pers.","Total population","Persons","398","KAZ","Kazakhstan","2023","..",
"25","Total population, pers.","Total population","Persons","398","KAZ","Kazakhstan","2024","..",
"25","Total population, pers.","Total population","Persons","417","KGZ","Kyrgyzstan","2005","5162640",
"25","Total population, pers.","Total population","Persons","417","KGZ","Kyrgyzstan","2006","5218373",
"25","Total population, pers.","Total population","Persons","417","KGZ","Kyrgyzstan","2007","5268385",
"25","Total population, pers.","Total population","Persons","417","KGZ","Kyrgyzstan","2008","5318729",
"25","Total population, pers.","Total population","Persons","417","KGZ","Kyrgyzstan","2009","5383277",
"25","Total population, pers.","Total population","Persons","417","KGZ","Kyrgyzstan","2010","5447960",
"25","Total population, pers.","Total population","Persons","417","KGZ","Kyrgyzstan","2011","5514754",
"25","Total population, pers.","Total population","Persons","417","KGZ","Kyrgyzstan","2012","5607511",
"25","Total population, pers.","Total population","Persons","417","KGZ","Kyrgyzstan","2013","5719852",
"25","Total population, pers.","Total population","Persons","417","KGZ","Kyrgyzstan","2014","5835816",
"25","Total population, pers.","Total population","Persons","417","KGZ","Kyrgyzstan","2015","5957271",
"25","Total population, pers.","Total population","Persons","417","KGZ","Kyrgyzstan","2016","6079840",
"25","Total population, pers.","Total population","Persons","417","KGZ","Kyrgyzstan","2017","6198465",
"25","Total population, pers.","Total population","Persons","417","KGZ","Kyrgyzstan","2018","6323115",
"25","Total population, pers.","Total population","Persons","417","KGZ","Kyrgyzstan","2019","6456515",
"25","Total population, pers.","Total population","Persons","417","KGZ","Kyrgyzstan","2020","6580166",
"25","Total population, pers.","Total population","Persons","417","KGZ","Kyrgyzstan","2021","6692064",
"25","Total population, pers.","Total population","Persons","417","KGZ","Kyrgyzstan","2022","..",
"25","Total population, pers.","Total population","Persons","417","KGZ","Kyrgyzstan","2023","..",
"25","Total population, pers.","Total population","Persons","417","KGZ","Kyrgyzstan","2024","..",
"25","Total population, pers.","Total population","Persons","428","LVA","Latvia","2005","2238799",
"25","Total population, pers.","Total population","Persons","428","LVA","Latvia","2006","2218357",
"25","Total population, pers.","Total population","Persons","428","LVA","Latvia","2007","2200325",
"25","Total population, pers.","Total population","Persons","428","LVA","Latvia","2008","2177322",
"25","Total population, pers.","Total population","Persons","428","LVA","Latvia","2009","2141669",
"25","Total population, pers.","Total population","Persons","428","LVA","Latvia","2010","2097555",
"25","Total population, pers.","Total population","Persons","428","LVA","Latvia","2011","2059709",
"25","Total population, pers.","Total population","Persons","428","LVA","Latvia","2012","2034319",
"25","Total population, pers.","Total population","Persons","428","LVA","Latvia","2013","2012647",
"25","Total population, pers.","Total population","Persons","428","LVA","Latvia","2014","1993782",
"25","Total population, pers.","Total population","Persons","428","LVA","Latvia","2015","1977527",
"25","Total population, pers.","Total population","Persons","428","LVA","Latvia","2016","1959537",
"25","Total population, pers.","Total population","Persons","428","LVA","Latvia","2017","1942248",
"25","Total population, pers.","Total population","Persons","428","LVA","Latvia","2018","1927174",
"25","Total population, pers.","Total population","Persons","428","LVA","Latvia","2019","1913822",
"25","Total population, pers.","Total population","Persons","428","LVA","Latvia","2020","1900449",
"25","Total population, pers.","Total population","Persons","428","LVA","Latvia","2021","1884490",
"25","Total population, pers.","Total population","Persons","428","LVA","Latvia","2022","1885498",
"25","Total population, pers.","Total population","Persons","428","LVA","Latvia","2023","1886907",
"25","Total population, pers.","Total population","Persons","428","LVA","Latvia","2024","1869570",
"25","Total population, pers.","Total population","Persons","438","LIE","Liechtenstein","2005","34753",
"25","Total population, pers.","Total population","Persons","438","LIE","Liechtenstein","2006","35037",
"25","Total population, pers.","Total population","Persons","438","LIE","Liechtenstein","2007","35262",
"25","Total population, pers.","Total population","Persons","438","LIE","Liechtenstein","2008","35473",
"25","Total population, pers.","Total population","Persons","438","LIE","Liechtenstein","2009","35742",
"25","Total population, pers.","Total population","Persons","438","LIE","Liechtenstein","2010","36022",
"25","Total population, pers.","Total population","Persons","438","LIE","Liechtenstein","2011","36312",
"25","Total population, pers.","Total population","Persons","438","LIE","Liechtenstein","2012","36657",
"25","Total population, pers.","Total population","Persons","438","LIE","Liechtenstein","2013","36984",
"25","Total population, pers.","Total population","Persons","438","LIE","Liechtenstein","2014","37248",
"25","Total population, pers.","Total population","Persons","438","LIE","Liechtenstein","2015","37494",
"25","Total population, pers.","Total population","Persons","438","LIE","Liechtenstein","2016","37716",
"25","Total population, pers.","Total population","Persons","438","LIE","Liechtenstein","2017","37962",
"25","Total population, pers.","Total population","Persons","438","LIE","Liechtenstein","2018","38246",
"25","Total population, pers.","Total population","Persons","438","LIE","Liechtenstein","2019","38563",
"25","Total population, pers.","Total population","Persons","438","LIE","Liechtenstein","2020","38901",
"25","Total population, pers.","Total population","Persons","438","LIE","Liechtenstein","2021","39182",
"25","Total population, pers.","Total population","Persons","438","LIE","Liechtenstein","2022","39493",
"25","Total population, pers.","Total population","Persons","438","LIE","Liechtenstein","2023","..",
"25","Total population, pers.","Total population","Persons","438","LIE","Liechtenstein","2024","..",
"25","Total population, pers.","Total population","Persons","440","LTU","Lithuania","2005","3322528",
"25","Total population, pers.","Total population","Persons","440","LTU","Lithuania","2006","3269909",
"25","Total population, pers.","Total population","Persons","440","LTU","Lithuania","2007","3231294",
"25","Total population, pers.","Total population","Persons","440","LTU","Lithuania","2008","3198231",
"25","Total population, pers.","Total population","Persons","440","LTU","Lithuania","2009","3162916",
"25","Total population, pers.","Total population","Persons","440","LTU","Lithuania","2010","3097282",
"25","Total population, pers.","Total population","Persons","440","LTU","Lithuania","2011","3028115",
"25","Total population, pers.","Total population","Persons","440","LTU","Lithuania","2012","2989139",
"25","Total population, pers.","Total population","Persons","440","LTU","Lithuania","2013","2961250",
"25","Total population, pers.","Total population","Persons","440","LTU","Lithuania","2014","2937253",
"25","Total population, pers.","Total population","Persons","440","LTU","Lithuania","2015","2911109",
"25","Total population, pers.","Total population","Persons","440","LTU","Lithuania","2016","2877325",
"25","Total population, pers.","Total population","Persons","440","LTU","Lithuania","2017","2842639",
"25","Total population, pers.","Total population","Persons","440","LTU","Lithuania","2018","2819200",
"25","Total population, pers.","Total population","Persons","440","LTU","Lithuania","2019","2811089",
"25","Total population, pers.","Total population","Persons","440","LTU","Lithuania","2020","2810369",
"25","Total population, pers.","Total population","Persons","440","LTU","Lithuania","2021","2808380",
"25","Total population, pers.","Total population","Persons","440","LTU","Lithuania","2022","2831639",
"25","Total population, pers.","Total population","Persons","440","LTU","Lithuania","2023","2871585",
"25","Total population, pers.","Total population","Persons","440","LTU","Lithuania","2024","2888278",
"25","Total population, pers.","Total population","Persons","442","LUX","Luxembourg","2005","465158",
"25","Total population, pers.","Total population","Persons","442","LUX","Luxembourg","2006","472637",
"25","Total population, pers.","Total population","Persons","442","LUX","Luxembourg","2007","479993",
"25","Total population, pers.","Total population","Persons","442","LUX","Luxembourg","2008","488650",
"25","Total population, pers.","Total population","Persons","442","LUX","Luxembourg","2009","497783",
"25","Total population, pers.","Total population","Persons","442","LUX","Luxembourg","2010","506953",
"25","Total population, pers.","Total population","Persons","442","LUX","Luxembourg","2011","518347",
"25","Total population, pers.","Total population","Persons","442","LUX","Luxembourg","2012","530946",
"25","Total population, pers.","Total population","Persons","442","LUX","Luxembourg","2013","543360",
"25","Total population, pers.","Total population","Persons","442","LUX","Luxembourg","2014","556319",
"25","Total population, pers.","Total population","Persons","442","LUX","Luxembourg","2015","569604",
"25","Total population, pers.","Total population","Persons","442","LUX","Luxembourg","2016","583458",
"25","Total population, pers.","Total population","Persons","442","LUX","Luxembourg","2017","596336",
"25","Total population, pers.","Total population","Persons","442","LUX","Luxembourg","2018","607950",
"25","Total population, pers.","Total population","Persons","442","LUX","Luxembourg","2019","620001",
"25","Total population, pers.","Total population","Persons","442","LUX","Luxembourg","2020","630419",
"25","Total population, pers.","Total population","Persons","442","LUX","Luxembourg","2021","640064",
"25","Total population, pers.","Total population","Persons","442","LUX","Luxembourg","2022","653103",
"25","Total population, pers.","Total population","Persons","442","LUX","Luxembourg","2023","666430",
"25","Total population, pers.","Total population","Persons","442","LUX","Luxembourg","2024","677012",
"25","Total population, pers.","Total population","Persons","470","MLT","Malta","2005","403834",
"25","Total population, pers.","Total population","Persons","470","MLT","Malta","2006","405308",
"25","Total population, pers.","Total population","Persons","470","MLT","Malta","2007","406724",
"25","Total population, pers.","Total population","Persons","470","MLT","Malta","2008","409379",
"25","Total population, pers.","Total population","Persons","470","MLT","Malta","2009","412477",
"25","Total population, pers.","Total population","Persons","470","MLT","Malta","2010","414508",
"25","Total population, pers.","Total population","Persons","470","MLT","Malta","2011","416268",
"25","Total population, pers.","Total population","Persons","470","MLT","Malta","2012","419505",
"25","Total population, pers.","Total population","Persons","470","MLT","Malta","2013","424810",
"25","Total population, pers.","Total population","Persons","470","MLT","Malta","2014","433481",
"25","Total population, pers.","Total population","Persons","470","MLT","Malta","2015","444220",
"25","Total population, pers.","Total population","Persons","470","MLT","Malta","2016","454505",
"25","Total population, pers.","Total population","Persons","470","MLT","Malta","2017","467106",
"25","Total population, pers.","Total population","Persons","470","MLT","Malta","2018","483903",
"25","Total population, pers.","Total population","Persons","470","MLT","Malta","2019","503912",
"25","Total population, pers.","Total population","Persons","470","MLT","Malta","2020","515490",
"25","Total population, pers.","Total population","Persons","470","MLT","Malta","2021","518150",
"25","Total population, pers.","Total population","Persons","470","MLT","Malta","2022","531113",
"25","Total population, pers.","Total population","Persons","470","MLT","Malta","2023","552747",
"25","Total population, pers.","Total population","Persons","470","MLT","Malta","2024","568847",
"25","Total population, pers.","Total population","Persons","492","MCO","Monaco","2005","..",
"25","Total population, pers.","Total population","Persons","492","MCO","Monaco","2006","..",
"25","Total population, pers.","Total population","Persons","492","MCO","Monaco","2007","..",
"25","Total population, pers.","Total population","Persons","492","MCO","Monaco","2008","35220",
"25","Total population, pers.","Total population","Persons","492","MCO","Monaco","2009","..",
"25","Total population, pers.","Total population","Persons","492","MCO","Monaco","2010","..",
"25","Total population, pers.","Total population","Persons","492","MCO","Monaco","2011","..",
"25","Total population, pers.","Total population","Persons","492","MCO","Monaco","2012","..",
"25","Total population, pers.","Total population","Persons","492","MCO","Monaco","2013","..",
"25","Total population, pers.","Total population","Persons","492","MCO","Monaco","2014","..",
"25","Total population, pers.","Total population","Persons","492","MCO","Monaco","2015","..",
"25","Total population, pers.","Total population","Persons","492","MCO","Monaco","2016","37308",
"25","Total population, pers.","Total population","Persons","492","MCO","Monaco","2017","..",
"25","Total population, pers.","Total population","Persons","492","MCO","Monaco","2018","..",
"25","Total population, pers.","Total population","Persons","492","MCO","Monaco","2019","..",
"25","Total population, pers.","Total population","Persons","492","MCO","Monaco","2020","..",
"25","Total population, pers.","Total population","Persons","492","MCO","Monaco","2021","..",
"25","Total population, pers.","Total population","Persons","492","MCO","Monaco","2022","..",
"25","Total population, pers.","Total population","Persons","492","MCO","Monaco","2023","..",
"25","Total population, pers.","Total population","Persons","492","MCO","Monaco","2024","..",
"25","Total population, pers.","Total population","Persons","499","MNE","Montenegro","2005","613265",
"25","Total population, pers.","Total population","Persons","499","MNE","Montenegro","2006","613867",
"25","Total population, pers.","Total population","Persons","499","MNE","Montenegro","2007","615084",
"25","Total population, pers.","Total population","Persons","499","MNE","Montenegro","2008","616350",
"25","Total population, pers.","Total population","Persons","499","MNE","Montenegro","2009","618079",
"25","Total population, pers.","Total population","Persons","499","MNE","Montenegro","2010","619426",
"25","Total population, pers.","Total population","Persons","499","MNE","Montenegro","2011","620079",
"25","Total population, pers.","Total population","Persons","499","MNE","Montenegro","2012","620601",
"25","Total population, pers.","Total population","Persons","499","MNE","Montenegro","2013","621207",
"25","Total population, pers.","Total population","Persons","499","MNE","Montenegro","2014","621810",
"25","Total population, pers.","Total population","Persons","499","MNE","Montenegro","2015","622159",
"25","Total population, pers.","Total population","Persons","499","MNE","Montenegro","2016","622303",
"25","Total population, pers.","Total population","Persons","499","MNE","Montenegro","2017","622373",
"25","Total population, pers.","Total population","Persons","499","MNE","Montenegro","2018","622227",
"25","Total population, pers.","Total population","Persons","499","MNE","Montenegro","2019","622028",
"25","Total population, pers.","Total population","Persons","499","MNE","Montenegro","2020","621306",
"25","Total population, pers.","Total population","Persons","499","MNE","Montenegro","2021","619211",
"25","Total population, pers.","Total population","Persons","499","MNE","Montenegro","2022","..",
"25","Total population, pers.","Total population","Persons","499","MNE","Montenegro","2023","..",
"25","Total population, pers.","Total population","Persons","499","MNE","Montenegro","2024","..",
"25","Total population, pers.","Total population","Persons","528","NLD","Netherlands","2005","16319868",
"25","Total population, pers.","Total population","Persons","528","NLD","Netherlands","2006","16346101",
"25","Total population, pers.","Total population","Persons","528","NLD","Netherlands","2007","16381696",
"25","Total population, pers.","Total population","Persons","528","NLD","Netherlands","2008","16445593",
"25","Total population, pers.","Total population","Persons","528","NLD","Netherlands","2009","16530388",
"25","Total population, pers.","Total population","Persons","528","NLD","Netherlands","2010","16615394",
"25","Total population, pers.","Total population","Persons","528","NLD","Netherlands","2011","16693074",
"25","Total population, pers.","Total population","Persons","528","NLD","Netherlands","2012","16754962",
"25","Total population, pers.","Total population","Persons","528","NLD","Netherlands","2013","16804432",
"25","Total population, pers.","Total population","Persons","528","NLD","Netherlands","2014","16865008",
"25","Total population, pers.","Total population","Persons","528","NLD","Netherlands","2015","16939923",
"25","Total population, pers.","Total population","Persons","528","NLD","Netherlands","2016","17030314",
"25","Total population, pers.","Total population","Persons","528","NLD","Netherlands","2017","17131296",
"25","Total population, pers.","Total population","Persons","528","NLD","Netherlands","2018","17231624",
"25","Total population, pers.","Total population","Persons","528","NLD","Netherlands","2019","17344874",
"25","Total population, pers.","Total population","Persons","528","NLD","Netherlands","2020","17441500",
"25","Total population, pers.","Total population","Persons","528","NLD","Netherlands","2021","17533044",
"25","Total population, pers.","Total population","Persons","528","NLD","Netherlands","2022","17700982",
"25","Total population, pers.","Total population","Persons","528","NLD","Netherlands","2023","17877117",
"25","Total population, pers.","Total population","Persons","528","NLD","Netherlands","2024","17993485",
"25","Total population, pers.","Total population","Persons","807","MKD","North Macedonia","2005","2036855",
"25","Total population, pers.","Total population","Persons","807","MKD","North Macedonia","2006","2040228",
"25","Total population, pers.","Total population","Persons","807","MKD","North Macedonia","2007","2043559",
"25","Total population, pers.","Total population","Persons","807","MKD","North Macedonia","2008","2046898",
"25","Total population, pers.","Total population","Persons","807","MKD","North Macedonia","2009","2050671",
"25","Total population, pers.","Total population","Persons","807","MKD","North Macedonia","2010","2055004",
"25","Total population, pers.","Total population","Persons","807","MKD","North Macedonia","2011","2058539",
"25","Total population, pers.","Total population","Persons","807","MKD","North Macedonia","2012","2061044",
"25","Total population, pers.","Total population","Persons","807","MKD","North Macedonia","2013","2064032",
"25","Total population, pers.","Total population","Persons","807","MKD","North Macedonia","2014","2067471",
"25","Total population, pers.","Total population","Persons","807","MKD","North Macedonia","2015","2070226",
"25","Total population, pers.","Total population","Persons","807","MKD","North Macedonia","2016","2072490",
"25","Total population, pers.","Total population","Persons","807","MKD","North Macedonia","2017","2074502",
"25","Total population, pers.","Total population","Persons","807","MKD","North Macedonia","2018","2076217",
"25","Total population, pers.","Total population","Persons","807","MKD","North Macedonia","2019","2076694",
"25","Total population, pers.","Total population","Persons","807","MKD","North Macedonia","2020","2072531",
"25","Total population, pers.","Total population","Persons","807","MKD","North Macedonia","2021","1837114",
"25","Total population, pers.","Total population","Persons","807","MKD","North Macedonia","2022","..",
"25","Total population, pers.","Total population","Persons","807","MKD","North Macedonia","2023","..",
"25","Total population, pers.","Total population","Persons","807","MKD","North Macedonia","2024","..",
"25","Total population, pers.","Total population","Persons","578","NOR","Norway","2005","4623291",
"25","Total population, pers.","Total population","Persons","578","NOR","Norway","2006","4660677",
"25","Total population, pers.","Total population","Persons","578","NOR","Norway","2007","4709153",
"25","Total population, pers.","Total population","Persons","578","NOR","Norway","2008","4768212",
"25","Total population, pers.","Total population","Persons","578","NOR","Norway","2009","4828726",
"25","Total population, pers.","Total population","Persons","578","NOR","Norway","2010","4889252",
"25","Total population, pers.","Total population","Persons","578","NOR","Norway","2011","4953088",
"25","Total population, pers.","Total population","Persons","578","NOR","Norway","2012","5018573",
"25","Total population, pers.","Total population","Persons","578","NOR","Norway","2013","5080166",
"25","Total population, pers.","Total population","Persons","578","NOR","Norway","2014","5137429",
"25","Total population, pers.","Total population","Persons","578","NOR","Norway","2015","5189894",
"25","Total population, pers.","Total population","Persons","578","NOR","Norway","2016","5236151",
"25","Total population, pers.","Total population","Persons","578","NOR","Norway","2017","5276968",
"25","Total population, pers.","Total population","Persons","578","NOR","Norway","2018","5311916",
"25","Total population, pers.","Total population","Persons","578","NOR","Norway","2019","5347896",
"25","Total population, pers.","Total population","Persons","578","NOR","Norway","2020","5379475",
"25","Total population, pers.","Total population","Persons","578","NOR","Norway","2021","5408320",
"25","Total population, pers.","Total population","Persons","578","NOR","Norway","2022","5457127",
"25","Total population, pers.","Total population","Persons","578","NOR","Norway","2023","5519594",
"25","Total population, pers.","Total population","Persons","578","NOR","Norway","2024","5572272",
"25","Total population, pers.","Total population","Persons","616","POL","Poland","2005","38165445",
"25","Total population, pers.","Total population","Persons","616","POL","Poland","2006","38141267",
"25","Total population, pers.","Total population","Persons","616","POL","Poland","2007","38120560",
"25","Total population, pers.","Total population","Persons","616","POL","Poland","2008","38125759",
"25","Total population, pers.","Total population","Persons","616","POL","Poland","2009","38079373",
"25","Total population, pers.","Total population","Persons","616","POL","Poland","2010","38042794",
"25","Total population, pers.","Total population","Persons","616","POL","Poland","2011","38063255",
"25","Total population, pers.","Total population","Persons","616","POL","Poland","2012","38063164",
"25","Total population, pers.","Total population","Persons","616","POL","Poland","2013","38040196",
"25","Total population, pers.","Total population","Persons","616","POL","Poland","2014","38011735",
"25","Total population, pers.","Total population","Persons","616","POL","Poland","2015","37986412",
"25","Total population, pers.","Total population","Persons","616","POL","Poland","2016","37970087",
"25","Total population, pers.","Total population","Persons","616","POL","Poland","2017","37974826",
"25","Total population, pers.","Total population","Persons","616","POL","Poland","2018","37974750",
"25","Total population, pers.","Total population","Persons","616","POL","Poland","2019","37965475",
"25","Total population, pers.","Total population","Persons","616","POL","Poland","2020","37515748",
"25","Total population, pers.","Total population","Persons","616","POL","Poland","2021","36981559",
"25","Total population, pers.","Total population","Persons","616","POL","Poland","2022","36821749",
"25","Total population, pers.","Total population","Persons","616","POL","Poland","2023","36687353",
"25","Total population, pers.","Total population","Persons","616","POL","Poland","2024","36559233",
"25","Total population, pers.","Total population","Persons","620","PRT","Portugal","2005","10503330",
"25","Total population, pers.","Total population","Persons","620","PRT","Portugal","2006","10522288",
"25","Total population, pers.","Total population","Persons","620","PRT","Portugal","2007","10542964",
"25","Total population, pers.","Total population","Persons","620","PRT","Portugal","2008","10558177",
"25","Total population, pers.","Total population","Persons","620","PRT","Portugal","2009","10568247",
"25","Total population, pers.","Total population","Persons","620","PRT","Portugal","2010","10573100",
"25","Total population, pers.","Total population","Persons","620","PRT","Portugal","2011","10565836",
"25","Total population, pers.","Total population","Persons","620","PRT","Portugal","2012","10531420",
"25","Total population, pers.","Total population","Persons","620","PRT","Portugal","2013","10473991",
"25","Total population, pers.","Total population","Persons","620","PRT","Portugal","2014","10419607",
"25","Total population, pers.","Total population","Persons","620","PRT","Portugal","2015","10381838",
"25","Total population, pers.","Total population","Persons","620","PRT","Portugal","2016","10356516",
"25","Total population, pers.","Total population","Persons","620","PRT","Portugal","2017","10340124",
"25","Total population, pers.","Total population","Persons","620","PRT","Portugal","2018","10334633",
"25","Total population, pers.","Total population","Persons","620","PRT","Portugal","2019","10354446",
"25","Total population, pers.","Total population","Persons","620","PRT","Portugal","2020","10384846",
"25","Total population, pers.","Total population","Persons","620","PRT","Portugal","2021","10407707",
"25","Total population, pers.","Total population","Persons","620","PRT","Portugal","2022","10468869",
"25","Total population, pers.","Total population","Persons","620","PRT","Portugal","2023","10578174",
"25","Total population, pers.","Total population","Persons","620","PRT","Portugal","2024","10694681",
"25","Total population, pers.","Total population","Persons","498","MDA","Republic of Moldova","2005","3595187",
"25","Total population, pers.","Total population","Persons","498","MDA","Republic of Moldova","2006","3585523",
"25","Total population, pers.","Total population","Persons","498","MDA","Republic of Moldova","2007","3576907",
"25","Total population, pers.","Total population","Persons","498","MDA","Republic of Moldova","2008","3570108",
"25","Total population, pers.","Total population","Persons","498","MDA","Republic of Moldova","2009","3565604",
"25","Total population, pers.","Total population","Persons","498","MDA","Republic of Moldova","2010","3562045",
"25","Total population, pers.","Total population","Persons","498","MDA","Republic of Moldova","2011","3559986",
"25","Total population, pers.","Total population","Persons","498","MDA","Republic of Moldova","2012","3559519",
"25","Total population, pers.","Total population","Persons","498","MDA","Republic of Moldova","2013","3558566",
"25","Total population, pers.","Total population","Persons","498","MDA","Republic of Moldova","2014","2857815",
"25","Total population, pers.","Total population","Persons","498","MDA","Republic of Moldova","2015","2835978",
"25","Total population, pers.","Total population","Persons","498","MDA","Republic of Moldova","2016","2803186",
"25","Total population, pers.","Total population","Persons","498","MDA","Republic of Moldova","2017","2755189",
"25","Total population, pers.","Total population","Persons","498","MDA","Republic of Moldova","2018","2707203",
"25","Total population, pers.","Total population","Persons","498","MDA","Republic of Moldova","2019","2664224",
"25","Total population, pers.","Total population","Persons","498","MDA","Republic of Moldova","2020","2635130",
"25","Total population, pers.","Total population","Persons","498","MDA","Republic of Moldova","2021","2615199",
"25","Total population, pers.","Total population","Persons","498","MDA","Republic of Moldova","2022","..",
"25","Total population, pers.","Total population","Persons","498","MDA","Republic of Moldova","2023","..",
"25","Total population, pers.","Total population","Persons","498","MDA","Republic of Moldova","2024","..",
"25","Total population, pers.","Total population","Persons","642","ROU","Romania","2005","21319685",
"25","Total population, pers.","Total population","Persons","642","ROU","Romania","2006","21193760",
"25","Total population, pers.","Total population","Persons","642","ROU","Romania","2007","20882982",
"25","Total population, pers.","Total population","Persons","642","ROU","Romania","2008","20537875",
"25","Total population, pers.","Total population","Persons","642","ROU","Romania","2009","20367487",
"25","Total population, pers.","Total population","Persons","642","ROU","Romania","2010","20246871",
"25","Total population, pers.","Total population","Persons","642","ROU","Romania","2011","20147528",
"25","Total population, pers.","Total population","Persons","642","ROU","Romania","2012","20058035",
"25","Total population, pers.","Total population","Persons","642","ROU","Romania","2013","19983693",
"25","Total population, pers.","Total population","Persons","642","ROU","Romania","2014","19908979",
"25","Total population, pers.","Total population","Persons","642","ROU","Romania","2015","19815616",
"25","Total population, pers.","Total population","Persons","642","ROU","Romania","2016","19702267",
"25","Total population, pers.","Total population","Persons","642","ROU","Romania","2017","19588715",
"25","Total population, pers.","Total population","Persons","642","ROU","Romania","2018","19473970",
"25","Total population, pers.","Total population","Persons","642","ROU","Romania","2019","19371648",
"25","Total population, pers.","Total population","Persons","642","ROU","Romania","2020","19265250",
"25","Total population, pers.","Total population","Persons","642","ROU","Romania","2021","19122380",
"25","Total population, pers.","Total population","Persons","642","ROU","Romania","2022","19049163",
"25","Total population, pers.","Total population","Persons","642","ROU","Romania","2023","19061402",
"25","Total population, pers.","Total population","Persons","642","ROU","Romania","2024","19055364",
"25","Total population, pers.","Total population","Persons","643","RUS","Russian Federation","2005","143518814",
"25","Total population, pers.","Total population","Persons","643","RUS","Russian Federation","2006","143049637",
"25","Total population, pers.","Total population","Persons","643","RUS","Russian Federation","2007","142805114",
"25","Total population, pers.","Total population","Persons","643","RUS","Russian Federation","2008","142742366",
"25","Total population, pers.","Total population","Persons","643","RUS","Russian Federation","2009","142785349",
"25","Total population, pers.","Total population","Persons","643","RUS","Russian Federation","2010","142849468",
"25","Total population, pers.","Total population","Persons","643","RUS","Russian Federation","2011","142960908",
"25","Total population, pers.","Total population","Persons","643","RUS","Russian Federation","2012","143201721",
"25","Total population, pers.","Total population","Persons","643","RUS","Russian Federation","2013","143506995",
"25","Total population, pers.","Total population","Persons","643","RUS","Russian Federation","2014","..",
"25","Total population, pers.","Total population","Persons","643","RUS","Russian Federation","2015","..",
"25","Total population, pers.","Total population","Persons","643","RUS","Russian Federation","2016","..",
"25","Total population, pers.","Total population","Persons","643","RUS","Russian Federation","2017","..",
"25","Total population, pers.","Total population","Persons","643","RUS","Russian Federation","2018","..",
"25","Total population, pers.","Total population","Persons","643","RUS","Russian Federation","2019","..",
"25","Total population, pers.","Total population","Persons","643","RUS","Russian Federation","2020","..",
"25","Total population, pers.","Total population","Persons","643","RUS","Russian Federation","2021","..",
"25","Total population, pers.","Total population","Persons","643","RUS","Russian Federation","2022","..",
"25","Total population, pers.","Total population","Persons","643","RUS","Russian Federation","2023","..",
"25","Total population, pers.","Total population","Persons","643","RUS","Russian Federation","2024","..",
"25","Total population, pers.","Total population","Persons","674","SMR","San Marino","2005","30943",
"25","Total population, pers.","Total population","Persons","674","SMR","San Marino","2006","31435",
"25","Total population, pers.","Total population","Persons","674","SMR","San Marino","2007","31862",
"25","Total population, pers.","Total population","Persons","674","SMR","San Marino","2008","32390",
"25","Total population, pers.","Total population","Persons","674","SMR","San Marino","2009","32785",
"25","Total population, pers.","Total population","Persons","674","SMR","San Marino","2010","33109",
"25","Total population, pers.","Total population","Persons","674","SMR","San Marino","2011","33332",
"25","Total population, pers.","Total population","Persons","674","SMR","San Marino","2012","33496",
"25","Total population, pers.","Total population","Persons","674","SMR","San Marino","2013","33536",
"25","Total population, pers.","Total population","Persons","674","SMR","San Marino","2014","33659",
"25","Total population, pers.","Total population","Persons","674","SMR","San Marino","2015","33843",
"25","Total population, pers.","Total population","Persons","674","SMR","San Marino","2016","34163",
"25","Total population, pers.","Total population","Persons","674","SMR","San Marino","2017","34360",
"25","Total population, pers.","Total population","Persons","674","SMR","San Marino","2018","34532",
"25","Total population, pers.","Total population","Persons","674","SMR","San Marino","2019","34671",
"25","Total population, pers.","Total population","Persons","674","SMR","San Marino","2020","34760",
"25","Total population, pers.","Total population","Persons","674","SMR","San Marino","2021","34839",
"25","Total population, pers.","Total population","Persons","674","SMR","San Marino","2022","35033",
"25","Total population, pers.","Total population","Persons","674","SMR","San Marino","2023","..",
"25","Total population, pers.","Total population","Persons","674","SMR","San Marino","2024","..",
"25","Total population, pers.","Total population","Persons","688","SRB","Serbia","2005","7440769",
"25","Total population, pers.","Total population","Persons","688","SRB","Serbia","2006","7411569",
"25","Total population, pers.","Total population","Persons","688","SRB","Serbia","2007","7381579",
"25","Total population, pers.","Total population","Persons","688","SRB","Serbia","2008","7350222",
"25","Total population, pers.","Total population","Persons","688","SRB","Serbia","2009","7320807",
"25","Total population, pers.","Total population","Persons","688","SRB","Serbia","2010","7291436",
"25","Total population, pers.","Total population","Persons","688","SRB","Serbia","2011","7236519",
"25","Total population, pers.","Total population","Persons","688","SRB","Serbia","2012","7201497",
"25","Total population, pers.","Total population","Persons","688","SRB","Serbia","2013","7166552",
"25","Total population, pers.","Total population","Persons","688","SRB","Serbia","2014","7131787",
"25","Total population, pers.","Total population","Persons","688","SRB","Serbia","2015","7095383",
"25","Total population, pers.","Total population","Persons","688","SRB","Serbia","2016","7058322",
"25","Total population, pers.","Total population","Persons","688","SRB","Serbia","2017","7020858",
"25","Total population, pers.","Total population","Persons","688","SRB","Serbia","2018","6982604",
"25","Total population, pers.","Total population","Persons","688","SRB","Serbia","2019","6945235",
"25","Total population, pers.","Total population","Persons","688","SRB","Serbia","2020","6899126",
"25","Total population, pers.","Total population","Persons","688","SRB","Serbia","2021","6834326",
"25","Total population, pers.","Total population","Persons","688","SRB","Serbia","2022","..",
"25","Total population, pers.","Total population","Persons","688","SRB","Serbia","2023","..",
"25","Total population, pers.","Total population","Persons","688","SRB","Serbia","2024","..",
"25","Total population, pers.","Total population","Persons","703","SVK","Slovakia","2005","5372807",
"25","Total population, pers.","Total population","Persons","703","SVK","Slovakia","2006","5373054",
"25","Total population, pers.","Total population","Persons","703","SVK","Slovakia","2007","5374622",
"25","Total population, pers.","Total population","Persons","703","SVK","Slovakia","2008","5379233",
"25","Total population, pers.","Total population","Persons","703","SVK","Slovakia","2009","5386406",
"25","Total population, pers.","Total population","Persons","703","SVK","Slovakia","2010","5391428",
"25","Total population, pers.","Total population","Persons","703","SVK","Slovakia","2011","5398384",
"25","Total population, pers.","Total population","Persons","703","SVK","Slovakia","2012","5407579",
"25","Total population, pers.","Total population","Persons","703","SVK","Slovakia","2013","5413393",
"25","Total population, pers.","Total population","Persons","703","SVK","Slovakia","2014","5418649",
"25","Total population, pers.","Total population","Persons","703","SVK","Slovakia","2015","5423801",
"25","Total population, pers.","Total population","Persons","703","SVK","Slovakia","2016","5430798",
"25","Total population, pers.","Total population","Persons","703","SVK","Slovakia","2017","5439232",
"25","Total population, pers.","Total population","Persons","703","SVK","Slovakia","2018","5446771",
"25","Total population, pers.","Total population","Persons","703","SVK","Slovakia","2019","5454147",
"25","Total population, pers.","Total population","Persons","703","SVK","Slovakia","2020","5458827",
"25","Total population, pers.","Total population","Persons","703","SVK","Slovakia","2021","5447247",
"25","Total population, pers.","Total population","Persons","703","SVK","Slovakia","2022","5431752",
"25","Total population, pers.","Total population","Persons","703","SVK","Slovakia","2023","5426740",
"25","Total population, pers.","Total population","Persons","703","SVK","Slovakia","2024","5422069",
"25","Total population, pers.","Total population","Persons","705","SVN","Slovenia","2005","2000474",
"25","Total population, pers.","Total population","Persons","705","SVN","Slovenia","2006","2006868",
"25","Total population, pers.","Total population","Persons","705","SVN","Slovenia","2007","2010323",
"25","Total population, pers.","Total population","Persons","705","SVN","Slovenia","2008","2021316",
"25","Total population, pers.","Total population","Persons","705","SVN","Slovenia","2009","2039669",
"25","Total population, pers.","Total population","Persons","705","SVN","Slovenia","2010","2048583",
"25","Total population, pers.","Total population","Persons","705","SVN","Slovenia","2011","2052843",
"25","Total population, pers.","Total population","Persons","705","SVN","Slovenia","2012","2057159",
"25","Total population, pers.","Total population","Persons","705","SVN","Slovenia","2013","2059953",
"25","Total population, pers.","Total population","Persons","705","SVN","Slovenia","2014","2061980",
"25","Total population, pers.","Total population","Persons","705","SVN","Slovenia","2015","2063531",
"25","Total population, pers.","Total population","Persons","705","SVN","Slovenia","2016","2065042",
"25","Total population, pers.","Total population","Persons","705","SVN","Slovenia","2017","2066388",
"25","Total population, pers.","Total population","Persons","705","SVN","Slovenia","2018","2073894",
"25","Total population, pers.","Total population","Persons","705","SVN","Slovenia","2019","2088385",
"25","Total population, pers.","Total population","Persons","705","SVN","Slovenia","2020","2102419",
"25","Total population, pers.","Total population","Persons","705","SVN","Slovenia","2021","2108079",
"25","Total population, pers.","Total population","Persons","705","SVN","Slovenia","2022","2112076",
"25","Total population, pers.","Total population","Persons","705","SVN","Slovenia","2023","2120461",
"25","Total population, pers.","Total population","Persons","705","SVN","Slovenia","2024","2127400",
"25","Total population, pers.","Total population","Persons","724","ESP","Spain","2005","43653155",
"25","Total population, pers.","Total population","Persons","724","ESP","Spain","2006","44397319",
"25","Total population, pers.","Total population","Persons","724","ESP","Spain","2007","45226803",
"25","Total population, pers.","Total population","Persons","724","ESP","Spain","2008","45954106",
"25","Total population, pers.","Total population","Persons","724","ESP","Spain","2009","46362946",
"25","Total population, pers.","Total population","Persons","724","ESP","Spain","2010","46576897",
"25","Total population, pers.","Total population","Persons","724","ESP","Spain","2011","46742697",
"25","Total population, pers.","Total population","Persons","724","ESP","Spain","2012","46765435",
"25","Total population, pers.","Total population","Persons","724","ESP","Spain","2013","46604197",
"25","Total population, pers.","Total population","Persons","724","ESP","Spain","2014","46460733",
"25","Total population, pers.","Total population","Persons","724","ESP","Spain","2015","46422303",
"25","Total population, pers.","Total population","Persons","724","ESP","Spain","2016","46458139",
"25","Total population, pers.","Total population","Persons","724","ESP","Spain","2017","46571232",
"25","Total population, pers.","Total population","Persons","724","ESP","Spain","2018","46782011",
"25","Total population, pers.","Total population","Persons","724","ESP","Spain","2019","47118501",
"25","Total population, pers.","Total population","Persons","724","ESP","Spain","2020","47359424",
"25","Total population, pers.","Total population","Persons","724","ESP","Spain","2021","47443821",
"25","Total population, pers.","Total population","Persons","724","ESP","Spain","2022","47786102",
"25","Total population, pers.","Total population","Persons","724","ESP","Spain","2023","48352528",
"25","Total population, pers.","Total population","Persons","724","ESP","Spain","2024","48873996",
"25","Total population, pers.","Total population","Persons","752","SWE","Sweden","2005","9029572",
"25","Total population, pers.","Total population","Persons","752","SWE","Sweden","2006","9080505",
"25","Total population, pers.","Total population","Persons","752","SWE","Sweden","2007","9148092",
"25","Total population, pers.","Total population","Persons","752","SWE","Sweden","2008","9219637",
"25","Total population, pers.","Total population","Persons","752","SWE","Sweden","2009","9298515",
"25","Total population, pers.","Total population","Persons","752","SWE","Sweden","2010","9378126",
"25","Total population, pers.","Total population","Persons","752","SWE","Sweden","2011","9449213",
"25","Total population, pers.","Total population","Persons","752","SWE","Sweden","2012","9519374",
"25","Total population, pers.","Total population","Persons","752","SWE","Sweden","2013","9600379",
"25","Total population, pers.","Total population","Persons","752","SWE","Sweden","2014","9696110",
"25","Total population, pers.","Total population","Persons","752","SWE","Sweden","2015","9799186",
"25","Total population, pers.","Total population","Persons","752","SWE","Sweden","2016","9923085",
"25","Total population, pers.","Total population","Persons","752","SWE","Sweden","2017","10057698",
"25","Total population, pers.","Total population","Persons","752","SWE","Sweden","2018","10175214",
"25","Total population, pers.","Total population","Persons","752","SWE","Sweden","2019","10278887",
"25","Total population, pers.","Total population","Persons","752","SWE","Sweden","2020","10353442",
"25","Total population, pers.","Total population","Persons","752","SWE","Sweden","2021","10415811",
"25","Total population, pers.","Total population","Persons","752","SWE","Sweden","2022","10486941",
"25","Total population, pers.","Total population","Persons","752","SWE","Sweden","2023","10536632",
"25","Total population, pers.","Total population","Persons","752","SWE","Sweden","2024","10569709",
"25","Total population, pers.","Total population","Persons","756","CHE","Switzerland","2005","7437115",
"25","Total population, pers.","Total population","Persons","756","CHE","Switzerland","2006","7483934",
"25","Total population, pers.","Total population","Persons","756","CHE","Switzerland","2007","7551117",
"25","Total population, pers.","Total population","Persons","756","CHE","Switzerland","2008","7647675",
"25","Total population, pers.","Total population","Persons","756","CHE","Switzerland","2009","7743831",
"25","Total population, pers.","Total population","Persons","756","CHE","Switzerland","2010","7827970",
"25","Total population, pers.","Total population","Persons","756","CHE","Switzerland","2011","7912398",
"25","Total population, pers.","Total population","Persons","756","CHE","Switzerland","2012","7996861",
"25","Total population, pers.","Total population","Persons","756","CHE","Switzerland","2013","8089346",
"25","Total population, pers.","Total population","Persons","756","CHE","Switzerland","2014","8188649",
"25","Total population, pers.","Total population","Persons","756","CHE","Switzerland","2015","8282396",
"25","Total population, pers.","Total population","Persons","756","CHE","Switzerland","2016","8373338",
"25","Total population, pers.","Total population","Persons","756","CHE","Switzerland","2017","8451840",
"25","Total population, pers.","Total population","Persons","756","CHE","Switzerland","2018","8514329",
"25","Total population, pers.","Total population","Persons","756","CHE","Switzerland","2019","8575280",
"25","Total population, pers.","Total population","Persons","756","CHE","Switzerland","2020","8638167",
"25","Total population, pers.","Total population","Persons","756","CHE","Switzerland","2021","8704546",
"25","Total population, pers.","Total population","Persons","756","CHE","Switzerland","2022","8777088",
"25","Total population, pers.","Total population","Persons","756","CHE","Switzerland","2023","8888822",
"25","Total population, pers.","Total population","Persons","756","CHE","Switzerland","2024","9006644",
"25","Total population, pers.","Total population","Persons","762","TJK","Tajikistan","2005","6780559",
"25","Total population, pers.","Total population","Persons","762","TJK","Tajikistan","2006","6903864",
"25","Total population, pers.","Total population","Persons","762","TJK","Tajikistan","2007","7031217",
"25","Total population, pers.","Total population","Persons","762","TJK","Tajikistan","2008","7173849",
"25","Total population, pers.","Total population","Persons","762","TJK","Tajikistan","2009","7334083",
"25","Total population, pers.","Total population","Persons","762","TJK","Tajikistan","2010","7519280",
"25","Total population, pers.","Total population","Persons","762","TJK","Tajikistan","2011","7714198",
"25","Total population, pers.","Total population","Persons","762","TJK","Tajikistan","2012","7897313",
"25","Total population, pers.","Total population","Persons","762","TJK","Tajikistan","2013","8074263",
"25","Total population, pers.","Total population","Persons","762","TJK","Tajikistan","2014","8256572",
"25","Total population, pers.","Total population","Persons","762","TJK","Tajikistan","2015","8451632",
"25","Total population, pers.","Total population","Persons","762","TJK","Tajikistan","2016","8646977",
"25","Total population, pers.","Total population","Persons","762","TJK","Tajikistan","2017","8837002",
"25","Total population, pers.","Total population","Persons","762","TJK","Tajikistan","2018","9028877",
"25","Total population, pers.","Total population","Persons","762","TJK","Tajikistan","2019","9220163",
"25","Total population, pers.","Total population","Persons","762","TJK","Tajikistan","2020","..",
"25","Total population, pers.","Total population","Persons","762","TJK","Tajikistan","2021","..",
"25","Total population, pers.","Total population","Persons","762","TJK","Tajikistan","2022","..",
"25","Total population, pers.","Total population","Persons","762","TJK","Tajikistan","2023","..",
"25","Total population, pers.","Total population","Persons","762","TJK","Tajikistan","2024","..",
"25","Total population, pers.","Total population","Persons","792","TUR","Turkiye","2005","68435380",
"25","Total population, pers.","Total population","Persons","792","TUR","Turkiye","2006","69295253",
"25","Total population, pers.","Total population","Persons","792","TUR","Turkiye","2007","70158112",
"25","Total population, pers.","Total population","Persons","792","TUR","Turkiye","2008","71051678",
"25","Total population, pers.","Total population","Persons","792","TUR","Turkiye","2009","72039206",
"25","Total population, pers.","Total population","Persons","792","TUR","Turkiye","2010","73142150",
"25","Total population, pers.","Total population","Persons","792","TUR","Turkiye","2011","74223629",
"25","Total population, pers.","Total population","Persons","792","TUR","Turkiye","2012","75175827",
"25","Total population, pers.","Total population","Persons","792","TUR","Turkiye","2013","76147624",
"25","Total population, pers.","Total population","Persons","792","TUR","Turkiye","2014","77181884",
"25","Total population, pers.","Total population","Persons","792","TUR","Turkiye","2015","78218479",
"25","Total population, pers.","Total population","Persons","792","TUR","Turkiye","2016","79277962",
"25","Total population, pers.","Total population","Persons","792","TUR","Turkiye","2017","80312698",
"25","Total population, pers.","Total population","Persons","792","TUR","Turkiye","2018","81407204",
"25","Total population, pers.","Total population","Persons","792","TUR","Turkiye","2019","82579440",
"25","Total population, pers.","Total population","Persons","792","TUR","Turkiye","2020","83384680",
"25","Total population, pers.","Total population","Persons","792","TUR","Turkiye","2021","84147318",
"25","Total population, pers.","Total population","Persons","792","TUR","Turkiye","2022","84979913",
"25","Total population, pers.","Total population","Persons","792","TUR","Turkiye","2023","85325965",
"25","Total population, pers.","Total population","Persons","792","TUR","Turkiye","2024","85518661",
"25","Total population, pers.","Total population","Persons","795","TKM","Turkmenistan","2005","4833266",
"25","Total population, pers.","Total population","Persons","795","TKM","Turkmenistan","2006","4899455",
"25","Total population, pers.","Total population","Persons","795","TKM","Turkmenistan","2007","4965278",
"25","Total population, pers.","Total population","Persons","795","TKM","Turkmenistan","2008","5030972",
"25","Total population, pers.","Total population","Persons","795","TKM","Turkmenistan","2009","5096941",
"25","Total population, pers.","Total population","Persons","795","TKM","Turkmenistan","2010","..",
"25","Total population, pers.","Total population","Persons","795","TKM","Turkmenistan","2011","..",
"25","Total population, pers.","Total population","Persons","795","TKM","Turkmenistan","2012","..",
"25","Total population, pers.","Total population","Persons","795","TKM","Turkmenistan","2013","..",
"25","Total population, pers.","Total population","Persons","795","TKM","Turkmenistan","2014","..",
"25","Total population, pers.","Total population","Persons","795","TKM","Turkmenistan","2015","..",
"25","Total population, pers.","Total population","Persons","795","TKM","Turkmenistan","2016","..",
"25","Total population, pers.","Total population","Persons","795","TKM","Turkmenistan","2017","..",
"25","Total population, pers.","Total population","Persons","795","TKM","Turkmenistan","2018","..",
"25","Total population, pers.","Total population","Persons","795","TKM","Turkmenistan","2019","..",
"25","Total population, pers.","Total population","Persons","795","TKM","Turkmenistan","2020","..",
"25","Total population, pers.","Total population","Persons","795","TKM","Turkmenistan","2021","..",
"25","Total population, pers.","Total population","Persons","795","TKM","Turkmenistan","2022","..",
"25","Total population, pers.","Total population","Persons","795","TKM","Turkmenistan","2023","..",
"25","Total population, pers.","Total population","Persons","795","TKM","Turkmenistan","2024","..",
"25","Total population, pers.","Total population","Persons","804","UKR","Ukraine","2005","46924816",
"25","Total population, pers.","Total population","Persons","804","UKR","Ukraine","2006","46607431",
"25","Total population, pers.","Total population","Persons","804","UKR","Ukraine","2007","46329000",
"25","Total population, pers.","Total population","Persons","804","UKR","Ukraine","2008","46077834",
"25","Total population, pers.","Total population","Persons","804","UKR","Ukraine","2009","45872976",
"25","Total population, pers.","Total population","Persons","804","UKR","Ukraine","2010","45690386",
"25","Total population, pers.","Total population","Persons","804","UKR","Ukraine","2011","45525731",
"25","Total population, pers.","Total population","Persons","804","UKR","Ukraine","2012","45412987",
"25","Total population, pers.","Total population","Persons","804","UKR","Ukraine","2013","45309293",
"25","Total population, pers.","Total population","Persons","804","UKR","Ukraine","2014","42831572",
"25","Total population, pers.","Total population","Persons","804","UKR","Ukraine","2015","42675270",
"25","Total population, pers.","Total population","Persons","804","UKR","Ukraine","2016","42502892",
"25","Total population, pers.","Total population","Persons","804","UKR","Ukraine","2017","42315836",
"25","Total population, pers.","Total population","Persons","804","UKR","Ukraine","2018","42100165",
"25","Total population, pers.","Total population","Persons","804","UKR","Ukraine","2019","41858172",
"25","Total population, pers.","Total population","Persons","804","UKR","Ukraine","2020","41575748",
"25","Total population, pers.","Total population","Persons","804","UKR","Ukraine","2021","41208208",
"25","Total population, pers.","Total population","Persons","804","UKR","Ukraine","2022","..",
"25","Total population, pers.","Total population","Persons","804","UKR","Ukraine","2023","..",
"25","Total population, pers.","Total population","Persons","804","UKR","Ukraine","2024","..",
"25","Total population, pers.","Total population","Persons","826","GBR","United Kingdom","2005","60401206",
"25","Total population, pers.","Total population","Persons","826","GBR","United Kingdom","2006","60846820",
"25","Total population, pers.","Total population","Persons","826","GBR","United Kingdom","2007","61322463",
"25","Total population, pers.","Total population","Persons","826","GBR","United Kingdom","2008","61806995",
"25","Total population, pers.","Total population","Persons","826","GBR","United Kingdom","2009","62276270",
"25","Total population, pers.","Total population","Persons","826","GBR","United Kingdom","2010","62766365",
"25","Total population, pers.","Total population","Persons","826","GBR","United Kingdom","2011","63258810",
"25","Total population, pers.","Total population","Persons","826","GBR","United Kingdom","2012","63700215",
"25","Total population, pers.","Total population","Persons","826","GBR","United Kingdom","2013","64128273",
"25","Total population, pers.","Total population","Persons","826","GBR","United Kingdom","2014","64602298",
"25","Total population, pers.","Total population","Persons","826","GBR","United Kingdom","2015","65116219",
"25","Total population, pers.","Total population","Persons","826","GBR","United Kingdom","2016","65611593",
"25","Total population, pers.","Total population","Persons","826","GBR","United Kingdom","2017","66058859",
"25","Total population, pers.","Total population","Persons","826","GBR","United Kingdom","2018","66460344",
"25","Total population, pers.","Total population","Persons","826","GBR","United Kingdom","2019","66796807",
"25","Total population, pers.","Total population","Persons","826","GBR","United Kingdom","2020","67081234",
"25","Total population, pers.","Total population","Persons","826","GBR","United Kingdom","2021","67026292",
"25","Total population, pers.","Total population","Persons","826","GBR","United Kingdom","2022","..",
"25","Total population, pers.","Total population","Persons","826","GBR","United Kingdom","2023","..",
"25","Total population, pers.","Total population","Persons","826","GBR","United Kingdom","2024","..",
"25","Total population, pers.","Total population","Persons","840","USA","United States","2005","295516599",
"25","Total population, pers.","Total population","Persons","840","USA","United States","2006","298379912",
"25","Total population, pers.","Total population","Persons","840","USA","United States","2007","301231207",
"25","Total population, pers.","Total population","Persons","840","USA","United States","2008","304093966",
"25","Total population, pers.","Total population","Persons","840","USA","United States","2009","306771529",
"25","Total population, pers.","Total population","Persons","840","USA","United States","2010","309321666",
"25","Total population, pers.","Total population","Persons","840","USA","United States","2011","311556874",
"25","Total population, pers.","Total population","Persons","840","USA","United States","2012","313830990",
"25","Total population, pers.","Total population","Persons","840","USA","United States","2013","315993715",
"25","Total population, pers.","Total population","Persons","840","USA","United States","2014","318301008",
"25","Total population, pers.","Total population","Persons","840","USA","United States","2015","320635163",
"25","Total population, pers.","Total population","Persons","840","USA","United States","2016","322941311",
"25","Total population, pers.","Total population","Persons","840","USA","United States","2017","324985539",
"25","Total population, pers.","Total population","Persons","840","USA","United States","2018","326687501",
"25","Total population, pers.","Total population","Persons","840","USA","United States","2019","328239523",
"25","Total population, pers.","Total population","Persons","840","USA","United States","2020","331501080",
"25","Total population, pers.","Total population","Persons","840","USA","United States","2021","331893745",
"25","Total population, pers.","Total population","Persons","840","USA","United States","2022","..",
"25","Total population, pers.","Total population","Persons","840","USA","United States","2023","..",
"25","Total population, pers.","Total population","Persons","840","USA","United States","2024","..",
"25","Total population, pers.","Total population","Persons","860","UZB","Uzbekistan","2005","26167021",
"25","Total population, pers.","Total population","Persons","860","UZB","Uzbekistan","2006","26488257",
"25","Total population, pers.","Total population","Persons","860","UZB","Uzbekistan","2007","26867998",
"25","Total population, pers.","Total population","Persons","860","UZB","Uzbekistan","2008","27302782",
"25","Total population, pers.","Total population","Persons","860","UZB","Uzbekistan","2009","27767408",
"25","Total population, pers.","Total population","Persons","860","UZB","Uzbekistan","2010","28562405",
"25","Total population, pers.","Total population","Persons","860","UZB","Uzbekistan","2011","29339368",
"25","Total population, pers.","Total population","Persons","860","UZB","Uzbekistan","2012","29774448",
"25","Total population, pers.","Total population","Persons","860","UZB","Uzbekistan","2013","30243172",
"25","Total population, pers.","Total population","Persons","860","UZB","Uzbekistan","2014","30757669",
"25","Total population, pers.","Total population","Persons","860","UZB","Uzbekistan","2015","31298929",
"25","Total population, pers.","Total population","Persons","860","UZB","Uzbekistan","2016","31847898",
"25","Total population, pers.","Total population","Persons","860","UZB","Uzbekistan","2017","32388563",
"25","Total population, pers.","Total population","Persons","860","UZB","Uzbekistan","2018","32956099",
"25","Total population, pers.","Total population","Persons","860","UZB","Uzbekistan","2019","33580390",
"25","Total population, pers.","Total population","Persons","860","UZB","Uzbekistan","2020","34232067",
"25","Total population, pers.","Total population","Persons","860","UZB","Uzbekistan","2021","34915094",
"25","Total population, pers.","Total population","Persons","860","UZB","Uzbekistan","2022","..",
"25","Total population, pers.","Total population","Persons","860","UZB","Uzbekistan","2023","..",
"25","Total population, pers.","Total population","Persons","860","UZB","Uzbekistan","2024","..",
